method,episodes,seeds,failure_correct_count,actionable_count,mechanics_retained_count,nonactionable_count,false_alarm_count,success_count,mechanical_violation_count,damage_count,replan_attempt_count,replan_success_count,cost_sum,regret_sum,refinement_info_sum,refinement_count,abstraction_failure_accuracy,ci95_abstraction_failure_accuracy,mechanics_retention_recall,ci95_mechanics_retention_recall,false_refinement_alarm_rate,ci95_false_refinement_alarm_rate,calibration_error,ci95_calibration_error,predicate_refinement_informativeness,ci95_predicate_refinement_informativeness,task_success,ci95_task_success,mechanical_violation_rate,ci95_mechanical_violation_rate,damage_unsafe_rate,ci95_damage_unsafe_rate,recovery_replan_success,ci95_recovery_replan_success,planning_cost,ci95_planning_cost,planning_regret_to_oracle,ci95_planning_regret_to_oracle,stress_level,seed
active_relational_abstraction,1680,1,869,1440,1242,228,228,972,388,299,16,9,479.906600,175.862421,542.133533,1465,0.517262,0.023996,0.862500,0.105914,1.000000,0.000000,0.176664,0.019937,0.370057,0.029935,0.578571,0.034958,0.230952,0.031954,0.177976,0.022543,0.562500,0.269015,0.285659,0.015638,0.104680,0.034741,0.000000,0
active_relational_abstraction,1680,1,824,1440,1252,231,230,920,395,309,20,14,483.488200,171.832014,518.870784,1471,0.490476,0.023156,0.869444,0.096390,0.995671,0.009333,0.161356,0.016982,0.352733,0.032156,0.547619,0.030019,0.235119,0.026499,0.183929,0.028970,0.700000,0.208556,0.287791,0.014453,0.102281,0.031742,0.000000,1
active_relational_abstraction,1680,1,854,1440,1253,231,231,1009,400,305,16,8,483.061800,169.930436,537.855786,1477,0.508333,0.028956,0.870139,0.098021,1.000000,0.000000,0.184042,0.017774,0.364154,0.032215,0.600595,0.035213,0.238095,0.029912,0.181548,0.023470,0.500000,0.259320,0.287537,0.014513,0.101149,0.032095,0.000000,2
active_relational_abstraction,1680,1,827,1440,1243,230,228,925,402,276,12,9,479.005000,175.272844,518.271487,1469,0.492262,0.020164,0.863194,0.106276,0.991304,0.010610,0.162770,0.017378,0.352806,0.027413,0.550595,0.035324,0.239286,0.033704,0.164286,0.020555,0.750000,0.276038,0.285122,0.015504,0.104329,0.034978,0.000000,3
active_relational_abstraction,1680,1,863,1440,1238,232,232,933,424,318,9,4,478.867800,177.186355,547.916538,1469,0.513690,0.023253,0.859722,0.104352,1.000000,0.000000,0.166288,0.022699,0.372986,0.028108,0.555357,0.034017,0.252381,0.035185,0.189286,0.027779,0.444444,0.370405,0.285040,0.015411,0.105468,0.034185,0.000000,4
active_relational_abstraction,1680,1,866,1440,1266,233,232,931,401,313,19,12,484.588400,165.678674,548.339322,1486,0.515476,0.029680,0.879167,0.090598,0.995708,0.008711,0.165163,0.020547,0.369004,0.030946,0.554167,0.029053,0.238690,0.023095,0.186310,0.024826,0.631579,0.242250,0.288445,0.013467,0.098618,0.029916,0.000000,5
active_relational_abstraction,1680,1,856,1440,1264,227,227,931,410,306,15,9,483.943000,166.837243,543.818611,1489,0.509524,0.023635,0.877778,0.090245,1.000000,0.000000,0.161676,0.018731,0.365224,0.028724,0.554167,0.031550,0.244048,0.028486,0.182143,0.021263,0.600000,0.278206,0.288061,0.013539,0.099308,0.029692,0.000000,6
llm_tamp_failure_reasoning,1680,1,747,1440,1239,224,40,1008,373,291,809,586,570.241000,179.877482,177.696274,476,0.444643,0.026833,0.860417,0.101903,0.178571,0.042745,0.226798,0.027170,0.373312,0.056462,0.600000,0.042902,0.222024,0.029802,0.173214,0.025540,0.724351,0.040147,0.339429,0.029583,0.107070,0.041460,0.000000,0
llm_tamp_failure_reasoning,1680,1,755,1440,1246,232,26,978,394,274,789,531,566.304400,180.851838,172.820856,485,0.449405,0.018436,0.865278,0.099747,0.112069,0.027382,0.210172,0.019047,0.356332,0.055719,0.582143,0.040313,0.234524,0.030973,0.163095,0.022239,0.673004,0.086752,0.337086,0.031237,0.107650,0.042102,0.000000,1
llm_tamp_failure_reasoning,1680,1,732,1440,1242,233,31,997,390,294,792,551,566.765400,183.725592,161.484444,482,0.435714,0.024624,0.862500,0.098195,0.133047,0.053198,0.209237,0.021487,0.335030,0.052295,0.593452,0.038443,0.232143,0.037362,0.175000,0.024897,0.695707,0.083773,0.337360,0.030496,0.109360,0.041406,0.000000,2
llm_tamp_failure_reasoning,1680,1,733,1440,1259,228,41,1008,381,258,814,581,573.547200,172.289535,168.299097,487,0.436310,0.022456,0.874306,0.093391,0.179825,0.030381,0.239341,0.019452,0.345583,0.055361,0.600000,0.044442,0.226786,0.038348,0.153571,0.028364,0.713759,0.051723,0.341397,0.029177,0.102553,0.039390,0.000000,3
llm_tamp_failure_reasoning,1680,1,763,1440,1245,231,31,996,381,276,780,564,566.113600,181.889958,169.294938,497,0.454167,0.026982,0.864583,0.098159,0.134199,0.045168,0.230717,0.022908,0.340634,0.054513,0.592857,0.044835,0.226786,0.035185,0.164286,0.022693,0.723077,0.074740,0.336972,0.030404,0.108268,0.041371,0.000000,4
llm_tamp_failure_reasoning,1680,1,765,1440,1238,234,43,1030,406,280,799,585,569.008000,182.357827,179.281257,484,0.455357,0.023265,0.859722,0.101729,0.183761,0.062064,0.220464,0.023691,0.370416,0.056125,0.613095,0.042392,0.241667,0.035440,0.166667,0.025879,0.732165,0.070479,0.338695,0.029831,0.108546,0.041054,0.000000,5
llm_tamp_failure_reasoning,1680,1,716,1440,1265,230,40,1007,389,288,807,564,573.946400,169.486136,166.377731,500,0.426190,0.022040,0.878472,0.087273,0.173913,0.056926,0.215926,0.020366,0.332755,0.052418,0.599405,0.038939,0.231548,0.031486,0.171429,0.030043,0.698885,0.058684,0.341635,0.028269,0.100885,0.036958,0.000000,6
runtime_monitor_replanner,1680,1,483,1440,871,225,217,687,510,339,1103,531,385.597000,482.881596,0.000000,0,0.287500,0.024015,0.604861,0.089963,0.964444,0.031851,0.193222,0.018165,0.000000,0.000000,0.408929,0.040664,0.303571,0.042590,0.201786,0.029653,0.481414,0.042935,0.229522,0.023252,0.287430,0.036417,0.000000,0
runtime_monitor_replanner,1680,1,482,1440,915,220,211,661,461,363,1145,512,391.906000,469.692170,0.000000,0,0.286905,0.022087,0.635417,0.084838,0.959091,0.025660,0.188537,0.019168,0.000000,0.000000,0.393452,0.034542,0.274405,0.034081,0.216071,0.030962,0.447162,0.037715,0.233277,0.022563,0.279579,0.034388,0.000000,1
runtime_monitor_replanner,1680,1,477,1440,879,228,215,690,519,350,1106,538,384.249000,485.024338,0.000000,0,0.283929,0.020094,0.610417,0.083412,0.942982,0.020548,0.209396,0.021276,0.000000,0.000000,0.410714,0.037603,0.308929,0.040850,0.208333,0.031938,0.486438,0.038564,0.228720,0.022674,0.288705,0.035479,0.000000,2
runtime_monitor_replanner,1680,1,483,1440,849,231,221,647,523,386,1079,500,381.171000,492.598158,0.000000,0,0.287500,0.022818,0.589583,0.091036,0.956710,0.035545,0.210362,0.020356,0.000000,0.000000,0.385119,0.035683,0.311310,0.034141,0.229762,0.030294,0.463392,0.038424,0.226887,0.023200,0.293213,0.037387,0.000000,3
runtime_monitor_replanner,1680,1,491,1440,910,233,229,713,532,347,1145,555,389.878000,473.167930,0.000000,0,0.292262,0.016697,0.631944,0.079943,0.982833,0.008493,0.191019,0.022276,0.000000,0.000000,0.424405,0.036679,0.316667,0.041776,0.206548,0.029444,0.484716,0.038486,0.232070,0.022389,0.281648,0.034309,0.000000,4
runtime_monitor_replanner,1680,1,488,1440,893,232,223,693,492,344,1124,554,387.991000,476.026573,0.000000,0,0.290476,0.023789,0.620139,0.086757,0.961207,0.021205,0.208129,0.021075,0.000000,0.000000,0.412500,0.041406,0.292857,0.039577,0.204762,0.029592,0.492883,0.035328,0.230947,0.023388,0.283349,0.035575,0.000000,5
runtime_monitor_replanner,1680,1,484,1440,864,223,216,668,514,371,1096,511,383.278000,488.651952,0.000000,0,0.288095,0.018527,0.600000,0.090195,0.968610,0.022149,0.203240,0.018964,0.000000,0.000000,0.397619,0.034647,0.305952,0.041842,0.220833,0.034721,0.466241,0.033675,0.228142,0.023248,0.290864,0.037031,0.000000,6
grounded_geometric_tamp,1680,1,536,1440,1220,224,24,1023,396,278,792,593,577.812800,194.837178,128.773247,453,0.319048,0.023720,0.847222,0.110062,0.107143,0.037155,0.212363,0.022638,0.284268,0.044720,0.608929,0.046243,0.235714,0.040791,0.165476,0.029471,0.748737,0.058276,0.343936,0.032139,0.115975,0.045087,0.000000,0
grounded_geometric_tamp,1680,1,521,1440,1212,231,31,1012,441,283,791,592,577.483200,197.475549,123.142440,452,0.310119,0.023837,0.841667,0.110813,0.134199,0.053463,0.208706,0.024189,0.272439,0.042708,0.602381,0.051252,0.262500,0.039408,0.168452,0.031910,0.748420,0.057039,0.343740,0.031567,0.117545,0.045050,0.000000,1
grounded_geometric_tamp,1680,1,528,1440,1237,226,21,1025,360,312,807,587,581.713600,188.586513,126.632791,452,0.314286,0.022482,0.859028,0.101442,0.092920,0.036509,0.208509,0.017383,0.280161,0.042608,0.610119,0.044874,0.214286,0.033420,0.185714,0.028672,0.727385,0.046684,0.346258,0.031527,0.112254,0.043315,0.000000,2
grounded_geometric_tamp,1680,1,552,1440,1228,230,18,1092,400,286,787,633,578.021800,193.626793,136.547289,461,0.328571,0.024264,0.852778,0.103003,0.078261,0.044734,0.244592,0.028756,0.296198,0.045918,0.650000,0.052719,0.238095,0.034114,0.170238,0.020807,0.804320,0.091049,0.344061,0.031793,0.115254,0.043453,0.000000,3
grounded_geometric_tamp,1680,1,550,1440,1232,230,21,1043,390,306,814,619,581.924600,188.704780,120.076808,442,0.327381,0.025419,0.855556,0.101692,0.091304,0.023133,0.205816,0.025985,0.271667,0.043044,0.620833,0.047431,0.232143,0.035517,0.182143,0.028029,0.760442,0.051901,0.346384,0.031402,0.112324,0.043080,0.000000,4
grounded_geometric_tamp,1680,1,548,1440,1236,230,26,1030,387,290,816,615,583.890200,187.095713,124.895266,452,0.326190,0.026833,0.858333,0.098833,0.113043,0.031195,0.216728,0.025737,0.276317,0.043161,0.613095,0.049042,0.230357,0.043167,0.172619,0.029972,0.753676,0.049248,0.347554,0.029831,0.111366,0.041264,0.000000,5
grounded_geometric_tamp,1680,1,523,1440,1208,232,23,1018,358,308,788,592,575.142600,201.698665,129.472244,444,0.311310,0.022580,0.838889,0.107340,0.099138,0.010782,0.220748,0.027359,0.291604,0.044487,0.605952,0.052495,0.213095,0.037547,0.183333,0.026774,0.751269,0.076710,0.342347,0.031935,0.120059,0.044298,0.000000,6
proposed_abstraction_failure_audit,1680,1,1073,1440,1440,226,226,972,360,253,470,255,559.818800,147.372480,589.252232,1210,0.638690,0.027093,1.000000,0.000000,1.000000,0.000000,0.165696,0.014035,0.486985,0.054066,0.578571,0.027613,0.214286,0.025309,0.150595,0.019884,0.542553,0.132408,0.333225,0.014626,0.087722,0.012727,0.000000,0
proposed_abstraction_failure_audit,1680,1,1066,1440,1440,224,224,1011,331,277,467,282,558.451800,147.904000,583.464223,1213,0.634524,0.026750,1.000000,0.000000,1.000000,0.000000,0.168903,0.022471,0.481009,0.057247,0.601786,0.026350,0.197024,0.018667,0.164881,0.020183,0.603854,0.125825,0.332412,0.014187,0.088038,0.013224,0.000000,1
proposed_abstraction_failure_audit,1680,1,1092,1440,1440,229,229,1012,370,272,457,262,557.504400,148.317460,585.867869,1223,0.650000,0.025923,1.000000,0.000000,1.000000,0.000000,0.179760,0.022247,0.479042,0.051334,0.602381,0.026435,0.220238,0.026747,0.161905,0.022958,0.573304,0.150121,0.331848,0.014391,0.088284,0.012951,0.000000,2
proposed_abstraction_failure_audit,1680,1,1058,1440,1440,228,228,992,359,276,450,268,555.921400,148.528676,585.135753,1230,0.629762,0.027765,1.000000,0.000000,1.000000,0.000000,0.168442,0.018570,0.475720,0.050585,0.590476,0.024081,0.213690,0.021655,0.164286,0.019649,0.595556,0.138677,0.330906,0.014351,0.088410,0.012913,0.000000,3
proposed_abstraction_failure_audit,1680,1,1062,1440,1440,226,226,1009,368,261,455,256,557.198600,148.687218,585.974439,1225,0.632143,0.025218,1.000000,0.000000,1.000000,0.000000,0.169659,0.019543,0.478346,0.057573,0.600595,0.026862,0.219048,0.018594,0.155357,0.020389,0.562637,0.140517,0.331666,0.014175,0.088504,0.012812,0.000000,4
proposed_abstraction_failure_audit,1680,1,1052,1440,1440,231,231,1010,357,250,463,267,559.050800,147.735661,573.201533,1217,0.626190,0.025274,1.000000,0.000000,1.000000,0.000000,0.179769,0.023125,0.470996,0.044681,0.601190,0.036605,0.212500,0.019508,0.148810,0.017727,0.576674,0.140406,0.332768,0.014706,0.087938,0.012882,0.000000,5
proposed_abstraction_failure_audit,1680,1,1055,1440,1440,231,231,1003,331,244,472,276,559.819000,146.607458,581.918160,1208,0.627976,0.025779,1.000000,0.000000,1.000000,0.000000,0.182105,0.020208,0.481720,0.059004,0.597024,0.032801,0.197024,0.016601,0.145238,0.021207,0.584746,0.128672,0.333226,0.014709,0.087266,0.012958,0.000000,6
oracle_mechanics_preserving_planner,1680,1,1680,1440,1440,225,225,1136,246,205,1398,956,576.530000,0.000000,133.329056,282,1.000000,0.000000,1.000000,0.000000,1.000000,0.000000,0.108680,0.018586,0.472798,0.085360,0.676190,0.024163,0.146429,0.021664,0.122024,0.014986,0.683834,0.034017,0.343173,0.010633,0.000000,0.000000,0.000000,0
oracle_mechanics_preserving_planner,1680,1,1680,1440,1440,226,226,1063,255,173,1405,893,577.234200,0.000000,128.816255,275,1.000000,0.000000,1.000000,0.000000,1.000000,0.000000,0.092294,0.017607,0.468423,0.073680,0.632738,0.027409,0.151786,0.016365,0.102976,0.013068,0.635587,0.045012,0.343592,0.010589,0.000000,0.000000,0.000000,1
oracle_mechanics_preserving_planner,1680,1,1680,1440,1440,227,227,1057,229,211,1395,885,576.305000,0.000000,135.131790,285,1.000000,0.000000,1.000000,0.000000,1.000000,0.000000,0.090595,0.017159,0.474147,0.079551,0.629167,0.024362,0.136310,0.020251,0.125595,0.017912,0.634409,0.035626,0.343039,0.010659,0.000000,0.000000,0.000000,2
oracle_mechanics_preserving_planner,1680,1,1680,1440,1440,228,228,1066,265,205,1391,893,575.826600,0.000000,137.500000,289,1.000000,0.000000,1.000000,0.000000,1.000000,0.000000,0.098935,0.018440,0.475779,0.080443,0.634524,0.025898,0.157738,0.018662,0.122024,0.018425,0.641984,0.027389,0.342754,0.010876,0.000000,0.000000,0.000000,3
oracle_mechanics_preserving_planner,1680,1,1680,1440,1440,226,226,1067,212,191,1397,891,576.521400,0.000000,133.455111,283,1.000000,0.000000,1.000000,0.000000,1.000000,0.000000,0.088120,0.016751,0.471573,0.073664,0.635119,0.020664,0.126190,0.010970,0.113690,0.014722,0.637795,0.033436,0.343168,0.010726,0.000000,0.000000,0.000000,4
oracle_mechanics_preserving_planner,1680,1,1680,1440,1440,229,229,1095,261,208,1386,905,575.511600,0.000000,140.420000,294,1.000000,0.000000,1.000000,0.000000,1.000000,0.000000,0.084994,0.018665,0.477619,0.079549,0.651786,0.022118,0.155357,0.015999,0.123810,0.018486,0.652958,0.046974,0.342566,0.010808,0.000000,0.000000,0.000000,5
oracle_mechanics_preserving_planner,1680,1,1680,1440,1440,228,228,1056,243,201,1403,889,577.000200,0.000000,130.065430,277,1.000000,0.000000,1.000000,0.000000,1.000000,0.000000,0.090144,0.015045,0.469550,0.073671,0.628571,0.022737,0.144643,0.018712,0.119643,0.017743,0.633642,0.042204,0.343453,0.010662,0.000000,0.000000,0.000000,6
active_relational_abstraction,1680,1,759,1440,1255,224,224,939,404,296,23,16,484.254000,169.278600,486.739567,1472,0.451786,0.030811,0.871528,0.095434,1.000000,0.000000,0.152639,0.014501,0.330665,0.032897,0.558929,0.026966,0.240476,0.034280,0.176190,0.022293,0.695652,0.221398,0.288246,0.014113,0.100761,0.030642,0.200000,0
active_relational_abstraction,1680,1,761,1440,1257,225,224,974,387,310,23,15,485.378200,169.381032,492.437215,1473,0.452976,0.025406,0.872917,0.092087,0.995556,0.010889,0.178873,0.021273,0.334309,0.026261,0.579762,0.033626,0.230357,0.023192,0.184524,0.030462,0.652174,0.231647,0.288916,0.013604,0.100822,0.029520,0.200000,1
active_relational_abstraction,1680,1,800,1440,1253,227,227,963,376,307,29,20,484.510000,171.270028,502.345394,1464,0.476190,0.024950,0.870139,0.093396,1.000000,0.000000,0.175930,0.016021,0.343132,0.026661,0.573214,0.036498,0.223810,0.026380,0.182738,0.018871,0.689655,0.159978,0.288399,0.013848,0.101946,0.030029,0.200000,2
active_relational_abstraction,1680,1,782,1440,1256,230,230,956,406,296,30,22,485.264000,170.411231,496.620938,1466,0.465476,0.024883,0.872222,0.091132,1.000000,0.000000,0.177822,0.017217,0.338759,0.029260,0.569048,0.036283,0.241667,0.025233,0.176190,0.027268,0.733333,0.169389,0.288848,0.013474,0.101435,0.029776,0.200000,3
active_relational_abstraction,1680,1,815,1440,1251,224,224,948,383,282,28,17,484.847800,171.750579,508.901766,1463,0.485119,0.020745,0.868750,0.094263,1.000000,0.000000,0.182919,0.021528,0.347848,0.026852,0.564286,0.035209,0.227976,0.031935,0.167857,0.026885,0.607143,0.167611,0.288600,0.014229,0.102232,0.030689,0.200000,4
active_relational_abstraction,1680,1,811,1440,1262,226,224,947,397,292,27,15,485.505800,168.077675,507.864018,1473,0.482738,0.025025,0.876389,0.093565,0.991150,0.010473,0.166148,0.018651,0.344782,0.029647,0.563690,0.034952,0.236310,0.030728,0.173810,0.021038,0.555556,0.215589,0.288992,0.013899,0.100046,0.030488,0.200000,5
active_relational_abstraction,1680,1,788,1440,1268,224,221,982,388,289,25,14,486.012000,165.814591,508.584203,1480,0.469048,0.019692,0.880556,0.088013,0.986607,0.020202,0.162947,0.016367,0.343638,0.030254,0.584524,0.027908,0.230952,0.026699,0.172024,0.024622,0.560000,0.204878,0.289293,0.013135,0.098699,0.028442,0.200000,6
llm_tamp_failure_reasoning,1680,1,682,1440,1259,227,40,993,370,279,812,573,573.050400,173.124294,159.498026,488,0.405952,0.027321,0.874306,0.087238,0.176211,0.038335,0.217574,0.024770,0.326840,0.053055,0.591071,0.040630,0.220238,0.032773,0.166071,0.024913,0.705665,0.050379,0.341101,0.028099,0.103050,0.036463,0.200000,0
llm_tamp_failure_reasoning,1680,1,685,1440,1265,225,51,1013,364,297,843,601,580.200600,163.091546,160.216082,479,0.407738,0.030515,0.878472,0.085520,0.226667,0.035374,0.218862,0.025902,0.334480,0.052681,0.602976,0.040487,0.216667,0.030465,0.176786,0.025186,0.712930,0.063716,0.345357,0.027190,0.097078,0.034421,0.200000,1
llm_tamp_failure_reasoning,1680,1,665,1440,1265,226,39,1029,348,296,812,573,574.595600,169.833912,170.389231,494,0.395833,0.024998,0.878472,0.087382,0.172566,0.040325,0.219686,0.020474,0.344917,0.053938,0.612500,0.034922,0.207143,0.027959,0.176190,0.021395,0.705665,0.057690,0.342021,0.028446,0.101092,0.036107,0.200000,2
llm_tamp_failure_reasoning,1680,1,708,1440,1261,226,45,1013,373,258,825,583,576.151200,170.403355,171.722921,483,0.421429,0.022713,0.875694,0.088351,0.199115,0.061476,0.226507,0.021454,0.355534,0.057484,0.602976,0.040383,0.222024,0.034017,0.153571,0.026526,0.706667,0.041640,0.342947,0.027955,0.101431,0.036397,0.200000,3
llm_tamp_failure_reasoning,1680,1,697,1440,1267,229,50,1011,352,258,837,585,579.522200,165.766494,163.174635,484,0.414881,0.025131,0.879861,0.083951,0.218341,0.034826,0.219903,0.020630,0.337138,0.054381,0.601786,0.038165,0.209524,0.033226,0.153571,0.023261,0.698925,0.049298,0.344954,0.027133,0.098671,0.034693,0.200000,4
llm_tamp_failure_reasoning,1680,1,707,1440,1255,231,43,1021,373,288,810,575,573.439200,172.327968,161.920967,491,0.420833,0.023304,0.871528,0.086390,0.186147,0.041103,0.213000,0.022334,0.329778,0.052880,0.607738,0.038520,0.222024,0.031315,0.171429,0.024031,0.709877,0.039559,0.341333,0.027644,0.102576,0.035235,0.200000,5
llm_tamp_failure_reasoning,1680,1,673,1440,1270,223,49,1019,349,276,830,588,579.025000,165.273883,163.157610,492,0.400595,0.027152,0.881944,0.081698,0.219731,0.034118,0.224377,0.021831,0.331621,0.054898,0.606548,0.041472,0.207738,0.030386,0.164286,0.023837,0.708434,0.052826,0.344658,0.026492,0.098377,0.033368,0.200000,6
runtime_monitor_replanner,1680,1,481,1440,891,229,217,685,519,349,1119,537,391.308000,470.095513,0.000000,0,0.286310,0.025462,0.618750,0.087252,0.947598,0.016198,0.201130,0.022891,0.000000,0.000000,0.407738,0.030971,0.308929,0.034732,0.207738,0.032567,0.479893,0.035767,0.232921,0.022312,0.279819,0.034708,0.200000,0
runtime_monitor_replanner,1680,1,472,1440,946,227,210,690,479,341,1168,550,399.260000,453.031845,0.000000,0,0.280952,0.022420,0.656944,0.080811,0.925110,0.053682,0.182486,0.018135,0.000000,0.000000,0.410714,0.029453,0.285119,0.035972,0.202976,0.035878,0.470890,0.030357,0.237655,0.022177,0.269662,0.032781,0.200000,1
runtime_monitor_replanner,1680,1,470,1440,917,234,222,678,549,338,1145,544,392.413000,464.298801,0.000000,0,0.279762,0.025678,0.636806,0.079011,0.948718,0.021576,0.213886,0.017749,0.000000,0.000000,0.403571,0.032507,0.326786,0.041607,0.201190,0.025930,0.475109,0.033445,0.233579,0.021463,0.276368,0.032201,0.200000,2
runtime_monitor_replanner,1680,1,452,1440,913,228,212,675,503,340,1136,530,394.598000,462.368507,0.000000,0,0.269048,0.024048,0.634028,0.077319,0.929825,0.036388,0.221918,0.022247,0.000000,0.000000,0.401786,0.038304,0.299405,0.037882,0.202381,0.025419,0.466549,0.046024,0.234880,0.021033,0.275219,0.031628,0.200000,3
runtime_monitor_replanner,1680,1,449,1440,916,229,217,662,483,353,1144,526,393.144000,463.954338,0.000000,0,0.267262,0.026121,0.636111,0.076448,0.947598,0.020498,0.193117,0.020937,0.000000,0.000000,0.394048,0.028867,0.287500,0.035345,0.210119,0.025019,0.459790,0.035680,0.234014,0.020586,0.276163,0.031361,0.200000,4
runtime_monitor_replanner,1680,1,482,1440,913,229,223,680,507,346,1147,549,395.514000,463.083022,0.000000,0,0.286905,0.021703,0.634028,0.079398,0.973799,0.021930,0.193068,0.023144,0.000000,0.000000,0.404762,0.033408,0.301786,0.035840,0.205952,0.034010,0.478640,0.031643,0.235425,0.021374,0.275645,0.032571,0.200000,5
runtime_monitor_replanner,1680,1,468,1440,914,227,213,678,489,353,1140,541,395.392000,462.448844,0.000000,0,0.278571,0.021180,0.634722,0.077766,0.938326,0.037022,0.204267,0.019149,0.000000,0.000000,0.403571,0.035078,0.291071,0.035372,0.210119,0.027880,0.474561,0.038060,0.235352,0.020700,0.275267,0.031468,0.200000,6
grounded_geometric_tamp,1680,1,519,1440,1248,225,30,1056,364,291,840,637,589.282800,178.473557,117.097333,442,0.308929,0.020874,0.866667,0.092196,0.133333,0.022020,0.236190,0.022350,0.264926,0.041187,0.628571,0.051501,0.216667,0.025454,0.173214,0.026667,0.758333,0.048070,0.350764,0.029226,0.106234,0.038133,0.200000,0
grounded_geometric_tamp,1680,1,520,1440,1237,231,34,1026,385,288,835,622,586.956000,180.233655,120.532279,439,0.309524,0.024093,0.859028,0.097963,0.147186,0.056464,0.214436,0.027365,0.274561,0.044761,0.610714,0.048684,0.229167,0.033228,0.171429,0.025992,0.744910,0.062438,0.349379,0.029840,0.107282,0.039510,0.200000,1
grounded_geometric_tamp,1680,1,482,1440,1226,227,30,1034,366,286,800,593,581.179200,187.724912,115.323060,459,0.286905,0.024264,0.851389,0.097316,0.132159,0.043258,0.202770,0.023845,0.251248,0.039336,0.615476,0.041424,0.217857,0.031600,0.170238,0.025797,0.741250,0.040568,0.345940,0.029629,0.111741,0.039441,0.200000,2
grounded_geometric_tamp,1680,1,479,1440,1250,230,21,1054,391,298,816,634,585.119400,180.416545,116.470025,456,0.285119,0.021876,0.868056,0.092294,0.091304,0.044528,0.220332,0.028152,0.255417,0.039496,0.627381,0.050046,0.232738,0.034853,0.177381,0.027372,0.776961,0.075989,0.348285,0.030377,0.107391,0.038993,0.200000,3
grounded_geometric_tamp,1680,1,505,1440,1244,226,37,1023,404,285,822,610,587.142400,180.856059,115.491868,459,0.300595,0.023572,0.863889,0.093663,0.163717,0.040097,0.219968,0.024496,0.251616,0.038588,0.608929,0.047616,0.240476,0.036034,0.169643,0.024950,0.742092,0.063620,0.349490,0.028991,0.107652,0.038411,0.200000,4
grounded_geometric_tamp,1680,1,516,1440,1243,230,35,1051,374,287,830,632,587.522000,177.276598,114.988583,451,0.307143,0.023694,0.863194,0.102063,0.152174,0.043576,0.212074,0.025968,0.254964,0.041393,0.625595,0.048416,0.222619,0.035383,0.170833,0.032104,0.761446,0.058702,0.349715,0.030303,0.105522,0.041169,0.200000,5
grounded_geometric_tamp,1680,1,508,1440,1229,226,36,1064,413,292,818,612,584.964200,184.951352,118.107791,452,0.302381,0.024453,0.853472,0.097468,0.159292,0.045896,0.214001,0.022540,0.261300,0.041515,0.633333,0.040977,0.245833,0.029983,0.173810,0.026253,0.748166,0.045694,0.348193,0.029090,0.110090,0.038961,0.200000,6
proposed_abstraction_failure_audit,1680,1,1040,1440,1440,233,233,998,380,244,466,268,558.995400,149.501029,564.558735,1214,0.619048,0.025529,1.000000,0.000000,1.000000,0.000000,0.171683,0.020557,0.465040,0.045490,0.594048,0.027880,0.226190,0.016835,0.145238,0.018451,0.575107,0.112466,0.332735,0.013933,0.088989,0.012259,0.200000,0
proposed_abstraction_failure_audit,1680,1,1001,1440,1440,227,227,964,339,277,468,257,560.984800,148.256566,555.994325,1212,0.595833,0.023508,1.000000,0.000000,1.000000,0.000000,0.177381,0.020065,0.458741,0.050066,0.573810,0.031511,0.201786,0.022816,0.164881,0.015647,0.549145,0.131227,0.333920,0.014274,0.088248,0.012092,0.200000,1
proposed_abstraction_failure_audit,1680,1,1018,1440,1440,224,224,994,362,243,487,266,562.405000,148.103392,548.883127,1193,0.605952,0.025845,1.000000,0.000000,1.000000,0.000000,0.177649,0.019857,0.460086,0.054097,0.591667,0.029483,0.215476,0.019732,0.144643,0.016819,0.546201,0.129419,0.334765,0.014560,0.088157,0.012697,0.200000,2
proposed_abstraction_failure_audit,1680,1,995,1440,1440,230,230,977,368,274,473,259,560.963800,147.036668,537.678732,1207,0.592262,0.022663,1.000000,0.000000,1.000000,0.000000,0.173783,0.016989,0.445467,0.049969,0.581548,0.031110,0.219048,0.024794,0.163095,0.018451,0.547569,0.134643,0.333907,0.014455,0.087522,0.012200,0.200000,3
proposed_abstraction_failure_audit,1680,1,1011,1440,1440,223,223,991,353,248,480,282,561.752400,148.296158,553.618169,1200,0.601786,0.027084,1.000000,0.000000,1.000000,0.000000,0.173064,0.020501,0.461348,0.051602,0.589881,0.026824,0.210119,0.020664,0.147619,0.015101,0.587500,0.120471,0.334376,0.014272,0.088272,0.012407,0.200000,4
proposed_abstraction_failure_audit,1680,1,1033,1440,1440,225,225,955,304,251,468,240,560.140000,147.577099,573.282404,1212,0.614881,0.028229,1.000000,0.000000,1.000000,0.000000,0.172740,0.017019,0.473005,0.050185,0.568452,0.032355,0.180952,0.022320,0.149405,0.016272,0.512821,0.132968,0.333417,0.014318,0.087844,0.012070,0.200000,5
proposed_abstraction_failure_audit,1680,1,1023,1440,1440,225,225,962,337,239,463,241,559.368200,149.239039,556.680577,1217,0.608929,0.023201,1.000000,0.000000,1.000000,0.000000,0.182378,0.018697,0.457420,0.049689,0.572619,0.035288,0.200595,0.022277,0.142262,0.018298,0.520518,0.122951,0.332957,0.013668,0.088833,0.012225,0.200000,6
oracle_mechanics_preserving_planner,1680,1,1680,1440,1440,229,229,1069,270,197,1428,914,579.305600,0.000000,116.200000,252,1.000000,0.000000,1.000000,0.000000,1.000000,0.000000,0.080694,0.017253,0.461111,0.067700,0.636310,0.019185,0.160714,0.016536,0.117262,0.017242,0.640056,0.023042,0.344825,0.010121,0.000000,0.000000,0.200000,0
oracle_mechanics_preserving_planner,1680,1,1680,1440,1440,231,231,1082,256,174,1427,927,579.303400,0.000000,116.260000,253,1.000000,0.000000,1.000000,0.000000,1.000000,0.000000,0.090522,0.015477,0.459526,0.073661,0.644048,0.023458,0.152381,0.013882,0.103571,0.016613,0.649615,0.032994,0.344823,0.010182,0.000000,0.000000,0.200000,1
oracle_mechanics_preserving_planner,1680,1,1680,1440,1440,227,227,1065,256,187,1423,902,578.852200,0.000000,118.795744,257,1.000000,0.000000,1.000000,0.000000,1.000000,0.000000,0.090893,0.015210,0.462240,0.073675,0.633929,0.021194,0.152381,0.015413,0.111310,0.014000,0.633872,0.023937,0.344555,0.010243,0.000000,0.000000,0.200000,2
oracle_mechanics_preserving_planner,1680,1,1680,1440,1440,231,231,1093,262,204,1423,926,578.945000,0.000000,118.780000,257,1.000000,0.000000,1.000000,0.000000,1.000000,0.000000,0.097289,0.020428,0.462179,0.073661,0.650595,0.025392,0.155952,0.018518,0.121429,0.015747,0.650738,0.028318,0.344610,0.010193,0.000000,0.000000,0.200000,3
oracle_mechanics_preserving_planner,1680,1,1680,1440,1440,231,231,1105,225,189,1423,939,578.918600,0.000000,118.670000,257,1.000000,0.000000,1.000000,0.000000,1.000000,0.000000,0.108939,0.020373,0.461751,0.080443,0.657738,0.026694,0.133929,0.014621,0.112500,0.018581,0.659874,0.038291,0.344594,0.010198,0.000000,0.000000,0.200000,4
oracle_mechanics_preserving_planner,1680,1,1680,1440,1440,222,222,1053,277,186,1417,902,578.287000,0.000000,122.371451,263,1.000000,0.000000,1.000000,0.000000,1.000000,0.000000,0.092466,0.018203,0.465291,0.073662,0.626786,0.024907,0.164881,0.013842,0.110714,0.015503,0.636556,0.034690,0.344218,0.010324,0.000000,0.000000,0.200000,5
oracle_mechanics_preserving_planner,1680,1,1680,1440,1440,231,231,1072,230,206,1427,920,579.195400,0.000000,117.213565,253,1.000000,0.000000,1.000000,0.000000,1.000000,0.000000,0.102476,0.022056,0.463295,0.067704,0.638095,0.026046,0.136905,0.017177,0.122619,0.018167,0.644709,0.030658,0.344759,0.010069,0.000000,0.000000,0.200000,6
active_relational_abstraction,1680,1,732,1440,1268,227,224,901,408,291,33,23,487.146800,166.098945,465.236489,1472,0.435714,0.025737,0.880556,0.085651,0.986784,0.010692,0.178339,0.024210,0.316057,0.026802,0.536310,0.033993,0.242857,0.021823,0.173214,0.023242,0.696970,0.192977,0.289968,0.012873,0.098868,0.027775,0.400000,0
active_relational_abstraction,1680,1,726,1440,1271,224,223,935,345,287,31,15,488.969000,162.596746,468.273178,1479,0.432143,0.023871,0.882639,0.086043,0.995536,0.008167,0.181037,0.022524,0.316615,0.026275,0.556548,0.030757,0.205357,0.025506,0.170833,0.025923,0.483871,0.186050,0.291053,0.012932,0.096784,0.026957,0.400000,1
active_relational_abstraction,1680,1,764,1440,1264,225,221,945,400,299,29,17,486.442200,167.175385,495.391118,1471,0.454762,0.022427,0.877778,0.087133,0.982222,0.008990,0.173183,0.023441,0.336772,0.027079,0.562500,0.032069,0.238095,0.028076,0.177976,0.025185,0.586207,0.199972,0.289549,0.012873,0.099509,0.027358,0.400000,2
active_relational_abstraction,1680,1,757,1440,1277,223,219,930,378,271,42,25,491.729000,161.125615,486.826187,1471,0.450595,0.027460,0.886806,0.083630,0.982063,0.008613,0.183312,0.017811,0.330949,0.031044,0.553571,0.034237,0.225000,0.027189,0.161310,0.022230,0.595238,0.168599,0.292696,0.012856,0.095908,0.026423,0.400000,3
active_relational_abstraction,1680,1,742,1440,1274,227,226,950,381,313,34,23,490.396200,161.961383,482.892547,1479,0.441667,0.024762,0.884722,0.085468,0.995595,0.008909,0.178971,0.019546,0.326499,0.031833,0.565476,0.026844,0.226786,0.025430,0.186310,0.029088,0.676471,0.162084,0.291903,0.012748,0.096406,0.026930,0.400000,4
active_relational_abstraction,1680,1,772,1440,1257,230,228,907,372,300,44,22,487.035000,169.645895,491.568584,1451,0.459524,0.022078,0.872917,0.090322,0.991304,0.010446,0.177736,0.020141,0.338779,0.031311,0.539881,0.034889,0.221429,0.025992,0.178571,0.020108,0.500000,0.165840,0.289902,0.013591,0.100980,0.029029,0.400000,5
active_relational_abstraction,1680,1,738,1440,1259,228,227,950,382,277,37,20,487.118000,167.581027,470.676114,1460,0.439286,0.022357,0.874306,0.088068,0.995614,0.008522,0.176596,0.021822,0.322381,0.026093,0.565476,0.025285,0.227381,0.026751,0.164881,0.021397,0.540541,0.158157,0.289951,0.013030,0.099751,0.027325,0.400000,6
llm_tamp_failure_reasoning,1680,1,625,1440,1268,225,55,1022,344,282,847,595,582.127800,162.467326,148.152796,482,0.372024,0.029385,0.880556,0.079838,0.244444,0.059338,0.219778,0.025377,0.307371,0.052113,0.608333,0.032495,0.204762,0.026862,0.167857,0.021564,0.702479,0.046530,0.346505,0.025853,0.096707,0.032008,0.400000,0
llm_tamp_failure_reasoning,1680,1,665,1440,1271,230,54,998,379,259,835,582,580.963800,162.939037,166.999255,495,0.395833,0.029426,0.882639,0.080663,0.234783,0.072605,0.212288,0.021214,0.337372,0.057370,0.594048,0.037929,0.225595,0.033459,0.154167,0.023508,0.697006,0.062825,0.345812,0.026007,0.096988,0.031770,0.400000,1
llm_tamp_failure_reasoning,1680,1,637,1440,1257,222,55,993,378,277,835,575,578.997800,169.279088,141.305859,483,0.379167,0.025651,0.872917,0.086926,0.247748,0.043095,0.236071,0.019734,0.292559,0.047852,0.591071,0.041853,0.225000,0.034135,0.164881,0.029061,0.688623,0.040318,0.344642,0.026464,0.100761,0.032985,0.400000,2
llm_tamp_failure_reasoning,1680,1,682,1440,1256,228,55,991,374,289,822,563,577.389000,169.147437,166.820829,493,0.405952,0.022853,0.872222,0.086204,0.241228,0.082656,0.211759,0.021166,0.338379,0.052829,0.589881,0.035304,0.222619,0.031083,0.172024,0.033116,0.684915,0.051235,0.343684,0.026790,0.100683,0.033694,0.400000,3
llm_tamp_failure_reasoning,1680,1,633,1440,1268,227,53,1023,345,263,830,599,579.890200,164.543272,153.229189,495,0.376786,0.018136,0.880556,0.079235,0.233480,0.064167,0.225568,0.018317,0.309554,0.050630,0.608929,0.037097,0.205357,0.035753,0.156548,0.016854,0.721687,0.050152,0.345173,0.026188,0.097942,0.031847,0.400000,4
llm_tamp_failure_reasoning,1680,1,652,1440,1268,228,55,1030,357,252,826,580,579.892600,163.809864,164.013084,502,0.388095,0.021574,0.880556,0.081548,0.241228,0.048208,0.210054,0.022474,0.326719,0.054744,0.613095,0.033450,0.212500,0.029748,0.150000,0.023484,0.702179,0.064931,0.345174,0.026122,0.097506,0.031957,0.400000,5
llm_tamp_failure_reasoning,1680,1,648,1440,1260,230,43,1012,368,275,824,591,575.944200,169.502287,151.939811,483,0.385714,0.017745,0.875000,0.078067,0.186957,0.025786,0.252688,0.026687,0.314575,0.051078,0.602381,0.043857,0.219048,0.025628,0.163690,0.024668,0.717233,0.058450,0.342824,0.026495,0.100894,0.030899,0.400000,6
runtime_monitor_replanner,1680,1,416,1440,920,228,221,656,494,328,1152,518,400.478000,452.313869,0.000000,0,0.247619,0.021747,0.638889,0.076888,0.969298,0.009715,0.219410,0.023787,0.000000,0.000000,0.390476,0.034767,0.294048,0.036667,0.195238,0.026473,0.449653,0.036748,0.238380,0.020193,0.269234,0.030368,0.400000,0
runtime_monitor_replanner,1680,1,429,1440,946,220,204,642,491,358,1169,508,401.571000,448.112649,0.000000,0,0.255357,0.026327,0.656944,0.073221,0.927273,0.032188,0.211167,0.019388,0.000000,0.000000,0.382143,0.028652,0.292262,0.032524,0.213095,0.029383,0.434559,0.027215,0.239030,0.020511,0.266734,0.029496,0.400000,1
runtime_monitor_replanner,1680,1,419,1440,953,229,222,654,473,319,1185,520,402.381000,444.651834,0.000000,0,0.249405,0.022176,0.661806,0.068570,0.969432,0.021196,0.200099,0.017826,0.000000,0.000000,0.389286,0.029982,0.281548,0.032476,0.189881,0.026137,0.438819,0.033445,0.239512,0.019694,0.264674,0.028433,0.400000,2
runtime_monitor_replanner,1680,1,434,1440,950,220,211,662,473,351,1181,539,401.418000,446.675352,0.000000,0,0.258333,0.021122,0.659722,0.074276,0.959091,0.033411,0.213861,0.022663,0.000000,0.000000,0.394048,0.027064,0.281548,0.036498,0.208929,0.033792,0.456393,0.030750,0.238939,0.019365,0.265878,0.029182,0.400000,3
runtime_monitor_replanner,1680,1,435,1440,916,228,210,651,501,361,1137,510,397.078000,455.815245,0.000000,0,0.258929,0.019471,0.636111,0.075616,0.921053,0.033235,0.227608,0.019104,0.000000,0.000000,0.387500,0.032983,0.298214,0.038964,0.214881,0.029982,0.448549,0.033832,0.236356,0.020938,0.271319,0.030736,0.400000,4
runtime_monitor_replanner,1680,1,430,1440,977,231,211,653,456,357,1197,533,405.101000,437.908860,0.000000,0,0.255952,0.032051,0.678472,0.069376,0.913420,0.038813,0.212847,0.021014,0.000000,0.000000,0.388690,0.035627,0.271429,0.030661,0.212500,0.031219,0.445280,0.033954,0.241132,0.020166,0.260660,0.028384,0.400000,5
runtime_monitor_replanner,1680,1,408,1440,961,222,206,670,444,379,1183,531,404.857000,442.436958,0.000000,0,0.242857,0.017947,0.667361,0.069839,0.927928,0.044228,0.188752,0.021461,0.000000,0.000000,0.398810,0.029242,0.264286,0.032751,0.225595,0.029211,0.448859,0.033687,0.240986,0.020204,0.263355,0.028587,0.400000,6
grounded_geometric_tamp,1680,1,450,1440,1245,223,49,1042,372,263,874,633,595.117600,173.975531,112.114515,424,0.267857,0.023325,0.864583,0.080503,0.219731,0.023610,0.195772,0.022253,0.264421,0.042417,0.620238,0.039369,0.221429,0.028215,0.156548,0.018893,0.724256,0.050660,0.354237,0.025723,0.103557,0.031584,0.400000,0
grounded_geometric_tamp,1680,1,503,1440,1234,227,31,1036,388,299,839,618,586.472800,183.156061,122.701433,429,0.299405,0.023381,0.856944,0.092219,0.136564,0.039542,0.207387,0.022501,0.286017,0.044544,0.616667,0.041521,0.230952,0.035049,0.177976,0.027727,0.736591,0.050754,0.349091,0.028756,0.109021,0.036664,0.400000,1
grounded_geometric_tamp,1680,1,472,1440,1247,226,40,1000,368,269,860,617,592.663800,173.233462,109.803914,432,0.280952,0.022607,0.865972,0.088702,0.176991,0.065023,0.223497,0.023418,0.254176,0.041377,0.595238,0.047327,0.219048,0.033075,0.160119,0.026456,0.717442,0.046824,0.352776,0.027977,0.103115,0.035466,0.400000,2
grounded_geometric_tamp,1680,1,480,1440,1252,226,49,1049,395,278,863,636,595.161600,169.812352,113.921410,442,0.285714,0.024918,0.869444,0.083819,0.216814,0.027665,0.213694,0.023481,0.257741,0.040169,0.624405,0.038592,0.235119,0.031743,0.165476,0.020361,0.736964,0.033706,0.354263,0.026560,0.101079,0.033077,0.400000,3
grounded_geometric_tamp,1680,1,490,1440,1248,225,35,1027,371,283,862,623,592.225800,174.584533,114.313298,426,0.291667,0.023256,0.866667,0.085173,0.155556,0.052907,0.209026,0.023982,0.268341,0.040940,0.611310,0.038024,0.220833,0.032598,0.168452,0.020114,0.722738,0.038790,0.352515,0.027901,0.103919,0.034044,0.400000,4
grounded_geometric_tamp,1680,1,491,1440,1244,227,56,1023,359,284,855,629,594.011200,171.685159,110.973410,447,0.292262,0.024402,0.863889,0.090753,0.246696,0.035429,0.202000,0.023929,0.248263,0.040733,0.608929,0.036945,0.213690,0.030101,0.169048,0.023121,0.735673,0.042991,0.353578,0.026710,0.102194,0.034664,0.400000,5
grounded_geometric_tamp,1680,1,498,1440,1245,222,37,1034,374,284,848,619,590.467400,176.543212,121.488600,438,0.296429,0.028066,0.864583,0.088205,0.166667,0.022697,0.199618,0.022564,0.277371,0.043835,0.615476,0.036189,0.222619,0.035541,0.169048,0.018774,0.729953,0.053251,0.351469,0.028336,0.105085,0.035823,0.400000,6
proposed_abstraction_failure_audit,1680,1,974,1440,1440,228,228,954,345,244,465,261,560.315200,149.298976,539.663969,1215,0.579762,0.025743,1.000000,0.000000,1.000000,0.000000,0.159151,0.014862,0.444168,0.049168,0.567857,0.023457,0.205357,0.023265,0.145238,0.018298,0.561290,0.114469,0.333521,0.013712,0.088868,0.011736,0.400000,0
proposed_abstraction_failure_audit,1680,1,969,1440,1440,223,223,973,375,240,457,237,559.372200,149.629961,538.803864,1223,0.576786,0.023000,1.000000,0.000000,1.000000,0.000000,0.188943,0.018412,0.440559,0.044901,0.579167,0.033970,0.223214,0.019988,0.142857,0.020580,0.518600,0.105286,0.332960,0.012949,0.089065,0.011331,0.400000,1
proposed_abstraction_failure_audit,1680,1,936,1440,1440,229,229,959,340,264,469,257,562.264200,147.906496,511.441157,1211,0.557143,0.024221,1.000000,0.000000,1.000000,0.000000,0.171094,0.019768,0.422330,0.045824,0.570833,0.025564,0.202381,0.023410,0.157143,0.018516,0.547974,0.121318,0.334681,0.014017,0.088040,0.011489,0.400000,2
proposed_abstraction_failure_audit,1680,1,945,1440,1440,224,224,961,339,254,471,239,560.463600,150.312497,515.307886,1209,0.562500,0.024829,1.000000,0.000000,1.000000,0.000000,0.173885,0.017305,0.426227,0.050717,0.572024,0.033327,0.201786,0.021683,0.151190,0.019761,0.507431,0.121420,0.333609,0.013372,0.089472,0.011349,0.400000,3
proposed_abstraction_failure_audit,1680,1,944,1440,1440,226,226,912,350,237,486,244,560.271800,151.409286,513.540180,1194,0.561905,0.022614,1.000000,0.000000,1.000000,0.000000,0.164327,0.022092,0.430101,0.049794,0.542857,0.030774,0.208333,0.018939,0.141071,0.018797,0.502058,0.094032,0.333495,0.013811,0.090125,0.012086,0.400000,4
proposed_abstraction_failure_audit,1680,1,967,1440,1440,222,222,945,349,236,476,248,561.558400,150.240543,534.650615,1204,0.575595,0.031455,1.000000,0.000000,1.000000,0.000000,0.170524,0.019550,0.444062,0.050628,0.562500,0.030731,0.207738,0.021008,0.140476,0.020457,0.521008,0.124946,0.334261,0.014142,0.089429,0.011411,0.400000,5
proposed_abstraction_failure_audit,1680,1,989,1440,1440,221,221,957,346,294,487,263,561.378400,150.084940,532.554611,1193,0.588690,0.023812,1.000000,0.000000,1.000000,0.000000,0.156708,0.019070,0.446400,0.047605,0.569643,0.024939,0.205952,0.020555,0.175000,0.021581,0.540041,0.110733,0.334154,0.013836,0.089336,0.012115,0.400000,6
oracle_mechanics_preserving_planner,1680,1,1680,1440,1440,220,220,1044,265,188,1450,905,581.333200,0.000000,104.810000,230,1.000000,0.000000,1.000000,0.000000,1.000000,0.000000,0.094408,0.015975,0.455696,0.073661,0.621429,0.024800,0.157738,0.015369,0.111905,0.013084,0.624138,0.029819,0.346032,0.009656,0.000000,0.000000,0.400000,0
oracle_mechanics_preserving_planner,1680,1,1680,1440,1440,228,228,1065,248,193,1445,928,580.815000,0.000000,107.200000,235,1.000000,0.000000,1.000000,0.000000,1.000000,0.000000,0.095803,0.019135,0.456170,0.067700,0.633929,0.024958,0.147619,0.015825,0.114881,0.015007,0.642215,0.025987,0.345723,0.009807,0.000000,0.000000,0.400000,1
oracle_mechanics_preserving_planner,1680,1,1680,1440,1440,221,221,1035,252,185,1448,904,581.124800,0.000000,105.960000,232,1.000000,0.000000,1.000000,0.000000,1.000000,0.000000,0.084749,0.013952,0.456724,0.075571,0.616071,0.021325,0.150000,0.017541,0.110119,0.014933,0.624309,0.023483,0.345908,0.009662,0.000000,0.000000,0.400000,2
oracle_mechanics_preserving_planner,1680,1,1680,1440,1440,228,228,1029,246,208,1454,893,581.621200,0.000000,102.860000,226,1.000000,0.000000,1.000000,0.000000,1.000000,0.000000,0.066544,0.014811,0.455133,0.067700,0.612500,0.018954,0.146429,0.017754,0.123810,0.014967,0.614168,0.031321,0.346203,0.009575,0.000000,0.000000,0.400000,3
oracle_mechanics_preserving_planner,1680,1,1680,1440,1440,230,230,1059,228,178,1452,924,581.509600,0.000000,102.980000,228,1.000000,0.000000,1.000000,0.000000,1.000000,0.000000,0.100886,0.020436,0.451667,0.060560,0.630357,0.025406,0.135714,0.013221,0.105952,0.014725,0.636364,0.027798,0.346137,0.009756,0.000000,0.000000,0.400000,4
oracle_mechanics_preserving_planner,1680,1,1680,1440,1440,226,226,1073,235,195,1443,912,580.692200,0.000000,107.890000,237,1.000000,0.000000,1.000000,0.000000,1.000000,0.000000,0.084343,0.016475,0.455232,0.067700,0.638690,0.023071,0.139881,0.018305,0.116071,0.016341,0.632017,0.025351,0.345650,0.009879,0.000000,0.000000,0.400000,5
oracle_mechanics_preserving_planner,1680,1,1680,1440,1440,221,221,1055,235,202,1452,916,581.513600,0.000000,103.550000,228,1.000000,0.000000,1.000000,0.000000,1.000000,0.000000,0.085070,0.016868,0.454167,0.073661,0.627976,0.023144,0.139881,0.016620,0.120238,0.016663,0.630854,0.027832,0.346139,0.009651,0.000000,0.000000,0.400000,6
active_relational_abstraction,1680,1,694,1440,1266,218,217,927,408,265,53,38,491.833200,165.441258,448.733493,1452,0.413095,0.023762,0.879167,0.086286,0.995413,0.009800,0.189944,0.021013,0.309045,0.026667,0.551786,0.033829,0.242857,0.026038,0.157738,0.020108,0.716981,0.142613,0.292758,0.013292,0.098477,0.026952,0.600000,0
active_relational_abstraction,1680,1,710,1440,1266,228,224,923,413,296,54,31,491.872200,165.983410,461.643463,1447,0.422619,0.024001,0.879167,0.085684,0.982456,0.025921,0.166300,0.016886,0.319035,0.027765,0.549405,0.031232,0.245833,0.033597,0.176190,0.026221,0.574074,0.159223,0.292781,0.012954,0.098800,0.026686,0.600000,1
active_relational_abstraction,1680,1,704,1440,1290,226,223,921,350,280,63,39,496.410000,154.265785,460.230316,1464,0.419048,0.017459,0.895833,0.075446,0.986726,0.018019,0.186154,0.019439,0.314365,0.024665,0.548214,0.030028,0.208333,0.025443,0.166667,0.019594,0.619048,0.142111,0.295482,0.011453,0.091825,0.023004,0.600000,2
active_relational_abstraction,1680,1,676,1440,1271,221,220,962,397,285,65,47,494.850800,163.111209,435.774435,1444,0.402381,0.022067,0.882639,0.084174,0.995475,0.008522,0.184179,0.020427,0.301783,0.025755,0.572619,0.028080,0.236310,0.022330,0.169643,0.019460,0.723077,0.106316,0.294554,0.012952,0.097090,0.026434,0.600000,3
active_relational_abstraction,1680,1,691,1440,1264,222,221,906,384,274,54,32,492.417000,165.978124,440.855756,1449,0.411310,0.023871,0.877778,0.080740,0.995495,0.008340,0.187704,0.021787,0.304248,0.023637,0.539286,0.035699,0.228571,0.026966,0.163095,0.017436,0.592593,0.160865,0.293105,0.012494,0.098797,0.025488,0.600000,4
active_relational_abstraction,1680,1,690,1440,1262,218,216,939,395,307,52,34,489.505600,166.556803,439.596062,1448,0.410714,0.029785,0.876389,0.081053,0.990826,0.010327,0.184898,0.019129,0.303588,0.028372,0.558929,0.024573,0.235119,0.025142,0.182738,0.022958,0.653846,0.163123,0.291372,0.012477,0.099141,0.025306,0.600000,5
active_relational_abstraction,1680,1,683,1440,1276,226,222,968,410,282,57,37,493.571400,161.929434,449.644662,1455,0.406548,0.026488,0.886111,0.084950,0.982301,0.022337,0.175027,0.018180,0.309034,0.032260,0.576190,0.031181,0.244048,0.027331,0.167857,0.018103,0.649123,0.142558,0.293793,0.013057,0.096387,0.026595,0.600000,6
llm_tamp_failure_reasoning,1680,1,604,1440,1269,232,63,959,336,267,856,554,584.075400,162.287229,137.696641,480,0.359524,0.024336,0.881250,0.069857,0.271552,0.039444,0.215979,0.022656,0.286868,0.048034,0.570833,0.033321,0.200000,0.023388,0.158929,0.021312,0.647196,0.050364,0.347664,0.023816,0.096600,0.027310,0.600000,0
llm_tamp_failure_reasoning,1680,1,650,1440,1286,219,57,972,351,300,859,570,588.028200,156.577296,160.013674,494,0.386905,0.028521,0.893056,0.070174,0.260274,0.061633,0.189628,0.017056,0.323914,0.052418,0.578571,0.028215,0.208929,0.026014,0.178571,0.025293,0.663562,0.054966,0.350017,0.024263,0.093201,0.027282,0.600000,1
llm_tamp_failure_reasoning,1680,1,617,1440,1276,223,61,1011,365,260,860,593,586.363800,158.980209,155.137349,485,0.367262,0.025557,0.886111,0.075819,0.273543,0.056862,0.216020,0.020877,0.319871,0.053501,0.601786,0.030902,0.217262,0.025895,0.154762,0.024390,0.689535,0.044297,0.349026,0.024499,0.094631,0.028798,0.600000,2
llm_tamp_failure_reasoning,1680,1,646,1440,1264,225,63,967,356,264,861,571,584.475200,162.990567,153.909291,473,0.384524,0.024508,0.877778,0.075692,0.280000,0.030950,0.211231,0.020774,0.325390,0.052337,0.575595,0.034106,0.211905,0.023703,0.157143,0.022230,0.663182,0.040417,0.347902,0.024369,0.097018,0.028979,0.600000,3
llm_tamp_failure_reasoning,1680,1,645,1440,1273,222,61,961,356,279,862,564,585.942000,160.871723,152.932530,479,0.383929,0.020860,0.884028,0.080263,0.274775,0.060722,0.223793,0.020315,0.319275,0.053417,0.572024,0.036955,0.211905,0.028334,0.166071,0.026014,0.654292,0.037636,0.348775,0.025455,0.095757,0.031019,0.600000,4
llm_tamp_failure_reasoning,1680,1,627,1440,1282,218,53,996,370,254,860,584,586.052200,155.759026,145.180580,484,0.373214,0.033286,0.890278,0.076403,0.243119,0.077658,0.225301,0.020762,0.299960,0.047885,0.592857,0.033453,0.220238,0.032386,0.151190,0.025185,0.679070,0.037128,0.348841,0.025253,0.092714,0.029746,0.600000,5
llm_tamp_failure_reasoning,1680,1,612,1440,1287,223,68,961,346,277,874,573,590.669200,152.603125,132.178253,487,0.364286,0.023398,0.893750,0.069615,0.304933,0.059524,0.195592,0.021786,0.271413,0.045049,0.572024,0.033369,0.205952,0.023182,0.164881,0.019332,0.655606,0.040720,0.351589,0.023331,0.090835,0.026910,0.600000,6
runtime_monitor_replanner,1680,1,399,1440,955,217,196,664,477,347,1171,535,406.531000,435.693233,0.000000,0,0.237500,0.023448,0.663194,0.070293,0.903226,0.027419,0.222849,0.021568,0.000000,0.000000,0.395238,0.030980,0.283929,0.031187,0.206548,0.027115,0.456874,0.027789,0.241983,0.018482,0.259341,0.026712,0.600000,0
runtime_monitor_replanner,1680,1,414,1440,953,220,208,664,495,354,1179,529,403.556000,440.506598,0.000000,0,0.246429,0.024630,0.661806,0.066383,0.945455,0.037000,0.224423,0.018971,0.000000,0.000000,0.395238,0.036426,0.294643,0.034108,0.210714,0.033218,0.448685,0.040653,0.240212,0.018111,0.262206,0.026797,0.600000,1
runtime_monitor_replanner,1680,1,407,1440,963,225,207,691,498,336,1185,569,404.916000,436.878534,0.000000,0,0.242262,0.023381,0.668750,0.065735,0.920000,0.046617,0.231627,0.022024,0.000000,0.000000,0.411310,0.029915,0.296429,0.034918,0.200000,0.024385,0.480169,0.028132,0.241021,0.018476,0.260047,0.026853,0.600000,2
runtime_monitor_replanner,1680,1,399,1440,955,220,201,640,519,369,1176,518,402.876000,441.160187,0.000000,0,0.237500,0.021839,0.663194,0.063140,0.913636,0.016300,0.227903,0.019767,0.000000,0.000000,0.380952,0.035137,0.308929,0.038007,0.219643,0.029915,0.440476,0.039867,0.239807,0.018682,0.262595,0.027104,0.600000,3
runtime_monitor_replanner,1680,1,400,1440,952,211,192,672,508,321,1171,541,402.306000,440.154134,0.000000,0,0.238095,0.021845,0.661111,0.072622,0.909953,0.061095,0.215202,0.021295,0.000000,0.000000,0.400000,0.035345,0.302381,0.038479,0.191071,0.021141,0.461998,0.033373,0.239468,0.019734,0.261997,0.027710,0.600000,4
runtime_monitor_replanner,1680,1,395,1440,948,227,202,672,446,323,1160,524,404.770000,440.353822,0.000000,0,0.235119,0.017281,0.658333,0.063398,0.889868,0.035971,0.205617,0.023691,0.000000,0.000000,0.400000,0.032322,0.265476,0.031244,0.192262,0.033232,0.451724,0.030322,0.240935,0.017590,0.262115,0.025373,0.600000,5
runtime_monitor_replanner,1680,1,385,1440,989,218,197,646,441,363,1207,524,411.649000,426.977105,0.000000,0,0.229167,0.022459,0.686806,0.065914,0.903670,0.034937,0.227058,0.023302,0.000000,0.000000,0.384524,0.026958,0.262500,0.031505,0.216071,0.036907,0.434134,0.031646,0.245029,0.018645,0.254153,0.026508,0.600000,6
grounded_geometric_tamp,1680,1,511,1440,1247,221,58,1024,391,282,863,635,596.569400,170.945579,121.308213,448,0.304167,0.026951,0.865972,0.089967,0.262443,0.049988,0.210099,0.024262,0.270777,0.041573,0.609524,0.040397,0.232738,0.027936,0.167857,0.021951,0.735805,0.041084,0.355101,0.026301,0.101753,0.033673,0.600000,0
grounded_geometric_tamp,1680,1,480,1440,1254,216,56,1015,411,279,879,628,599.195000,168.467612,109.277351,438,0.285714,0.022432,0.870833,0.076012,0.259259,0.055861,0.193743,0.015333,0.249492,0.041172,0.604167,0.025825,0.244643,0.032475,0.166071,0.022427,0.714448,0.031948,0.356664,0.024498,0.100278,0.029709,0.600000,1
grounded_geometric_tamp,1680,1,459,1440,1248,220,48,1012,357,268,872,635,596.414600,170.682170,109.681116,434,0.273214,0.025813,0.866667,0.084131,0.218182,0.083870,0.208996,0.020478,0.252721,0.041815,0.602381,0.039057,0.212500,0.030584,0.159524,0.024313,0.728211,0.038776,0.355009,0.025951,0.101597,0.031382,0.600000,2
grounded_geometric_tamp,1680,1,441,1440,1235,226,43,1029,372,279,850,619,590.222200,180.838480,113.769062,432,0.262500,0.028468,0.857639,0.083868,0.190265,0.027365,0.188923,0.021215,0.263354,0.042516,0.612500,0.032034,0.221429,0.030136,0.166071,0.021793,0.728235,0.034501,0.351323,0.026605,0.107642,0.031482,0.600000,3
grounded_geometric_tamp,1680,1,473,1440,1237,225,45,1029,386,303,861,648,591.593800,176.736871,109.152756,424,0.281548,0.021657,0.859028,0.088312,0.200000,0.039624,0.225389,0.026182,0.257436,0.041752,0.612500,0.048233,0.229762,0.033459,0.180357,0.026571,0.752613,0.042873,0.352139,0.027140,0.105201,0.033372,0.600000,4
grounded_geometric_tamp,1680,1,484,1440,1260,229,64,1024,380,256,896,663,602.407200,162.918894,112.457246,431,0.288095,0.020604,0.875000,0.080865,0.279476,0.034700,0.213374,0.024445,0.260922,0.041652,0.609524,0.038696,0.226190,0.027717,0.152381,0.020758,0.739955,0.039160,0.358576,0.024848,0.096976,0.030927,0.600000,5
grounded_geometric_tamp,1680,1,460,1440,1254,234,48,997,355,279,878,623,596.820000,165.797334,111.609394,427,0.273810,0.020580,0.870833,0.083601,0.205128,0.046903,0.216023,0.025481,0.261380,0.040837,0.593452,0.040328,0.211310,0.032895,0.166071,0.025579,0.709567,0.043039,0.355250,0.026497,0.098689,0.031464,0.600000,6
proposed_abstraction_failure_audit,1680,1,874,1440,1440,219,219,967,328,281,507,284,564.699000,153.805714,477.326628,1173,0.520238,0.022112,1.000000,0.000000,1.000000,0.000000,0.180225,0.018224,0.406928,0.047668,0.575595,0.030643,0.195238,0.018946,0.167262,0.019122,0.560158,0.079539,0.336130,0.012854,0.091551,0.011285,0.600000,0
proposed_abstraction_failure_audit,1680,1,929,1440,1440,220,220,940,369,262,496,276,563.422000,152.323133,516.538697,1184,0.552976,0.025844,1.000000,0.000000,1.000000,0.000000,0.172630,0.016004,0.436266,0.052575,0.559524,0.028168,0.219643,0.021848,0.155952,0.020866,0.556452,0.106063,0.335370,0.012923,0.090669,0.010508,0.600000,1
proposed_abstraction_failure_audit,1680,1,910,1440,1440,220,220,946,350,255,491,258,562.449000,153.040540,486.801299,1189,0.541667,0.030731,1.000000,0.000000,1.000000,0.000000,0.160605,0.019516,0.409421,0.052081,0.563095,0.029354,0.208333,0.021042,0.151786,0.021799,0.525458,0.082016,0.334791,0.013238,0.091096,0.010930,0.600000,2
proposed_abstraction_failure_audit,1680,1,886,1440,1440,219,219,949,344,242,480,246,563.027600,149.967168,494.556759,1200,0.527381,0.027033,1.000000,0.000000,1.000000,0.000000,0.168662,0.016765,0.412131,0.045894,0.564881,0.029700,0.204762,0.022364,0.144048,0.017745,0.512500,0.088916,0.335135,0.013272,0.089266,0.010315,0.600000,3
proposed_abstraction_failure_audit,1680,1,891,1440,1440,225,225,965,334,259,485,258,563.432200,151.729613,500.486201,1195,0.530357,0.024849,1.000000,0.000000,1.000000,0.000000,0.188948,0.021169,0.418817,0.040867,0.574405,0.032299,0.198810,0.020112,0.154167,0.023508,0.531959,0.076076,0.335376,0.012725,0.090315,0.010465,0.600000,4
proposed_abstraction_failure_audit,1680,1,890,1440,1440,217,217,941,343,242,508,261,567.735600,150.393867,470.657936,1172,0.529762,0.023691,1.000000,0.000000,1.000000,0.000000,0.174373,0.020950,0.401585,0.050607,0.560119,0.026720,0.204167,0.020213,0.144048,0.020866,0.513780,0.097211,0.337938,0.013563,0.089520,0.010878,0.600000,5
proposed_abstraction_failure_audit,1680,1,895,1440,1440,224,224,927,335,260,470,252,561.584800,151.763285,497.469478,1210,0.532738,0.026057,1.000000,0.000000,1.000000,0.000000,0.165263,0.016109,0.411132,0.041366,0.551786,0.022853,0.199405,0.017258,0.154762,0.020247,0.536170,0.093018,0.334277,0.012494,0.090335,0.010533,0.600000,6
oracle_mechanics_preserving_planner,1680,1,1680,1440,1440,222,222,1048,226,177,1484,930,584.353600,0.000000,87.760000,196,1.000000,0.000000,1.000000,0.000000,1.000000,0.000000,0.092811,0.015838,0.447755,0.067700,0.623810,0.023010,0.134524,0.015911,0.105357,0.016397,0.626685,0.033202,0.347830,0.009103,0.000000,0.000000,0.600000,0
oracle_mechanics_preserving_planner,1680,1,1680,1440,1440,222,222,1005,254,156,1491,893,584.949800,0.000000,83.920000,189,1.000000,0.000000,1.000000,0.000000,1.000000,0.000000,0.087630,0.015945,0.444021,0.060560,0.598214,0.025802,0.151190,0.015734,0.092857,0.013428,0.598927,0.045085,0.348184,0.009074,0.000000,0.000000,0.600000,1
oracle_mechanics_preserving_planner,1680,1,1680,1440,1440,227,227,1059,230,165,1473,934,583.206200,0.000000,93.930000,207,1.000000,0.000000,1.000000,0.000000,1.000000,0.000000,0.088604,0.018842,0.453768,0.067700,0.630357,0.023337,0.136905,0.016341,0.098214,0.014648,0.634080,0.034828,0.347147,0.009177,0.000000,0.000000,0.600000,2
oracle_mechanics_preserving_planner,1680,1,1680,1440,1440,223,223,1044,259,165,1475,928,583.577800,0.000000,91.720000,205,1.000000,0.000000,1.000000,0.000000,1.000000,0.000000,0.096831,0.016726,0.447415,0.067700,0.621429,0.023225,0.154167,0.011622,0.098214,0.016954,0.629153,0.025047,0.347368,0.009323,0.000000,0.000000,0.600000,3
oracle_mechanics_preserving_planner,1680,1,1680,1440,1440,213,213,1037,251,195,1488,927,584.517600,0.000000,86.380000,192,1.000000,0.000000,1.000000,0.000000,1.000000,0.000000,0.096561,0.015307,0.449896,0.060560,0.617262,0.020981,0.149405,0.013752,0.116071,0.014999,0.622984,0.026872,0.347927,0.008964,0.000000,0.000000,0.600000,4
oracle_mechanics_preserving_planner,1680,1,1680,1440,1440,215,215,1049,259,202,1479,920,583.801000,0.000000,90.910000,201,1.000000,0.000000,1.000000,0.000000,1.000000,0.000000,0.079232,0.012699,0.452289,0.067700,0.624405,0.021729,0.154167,0.017251,0.120238,0.013401,0.622042,0.022952,0.347501,0.009117,0.000000,0.000000,0.600000,5
oracle_mechanics_preserving_planner,1680,1,1680,1440,1440,225,225,1030,242,202,1482,908,584.034000,0.000000,89.210000,198,1.000000,0.000000,1.000000,0.000000,1.000000,0.000000,0.094241,0.016602,0.450556,0.067700,0.613095,0.024217,0.144048,0.018818,0.120238,0.016663,0.612686,0.029405,0.347639,0.009120,0.000000,0.000000,0.600000,6
active_relational_abstraction,1680,1,644,1440,1282,217,213,932,374,294,67,44,496.677800,158.296953,425.572455,1451,0.383333,0.028713,0.890278,0.076578,0.981567,0.009108,0.181768,0.014553,0.293296,0.029181,0.554762,0.032550,0.222619,0.024703,0.175000,0.025121,0.656716,0.137596,0.295642,0.012055,0.094224,0.022977,0.800000,0
active_relational_abstraction,1680,1,647,1440,1285,214,211,884,375,268,93,54,499.509800,157.164909,418.243536,1429,0.385119,0.024737,0.892361,0.071160,0.985981,0.012144,0.168585,0.016501,0.292683,0.027038,0.526190,0.028524,0.223214,0.026072,0.159524,0.016139,0.580645,0.142340,0.297327,0.011090,0.093551,0.021859,0.800000,1
active_relational_abstraction,1680,1,655,1440,1272,217,212,909,397,271,77,50,494.669000,163.146341,415.706244,1429,0.389881,0.023884,0.883333,0.078936,0.976959,0.037966,0.175310,0.023125,0.290907,0.026965,0.541071,0.031783,0.236310,0.023010,0.161310,0.022667,0.649351,0.134568,0.294446,0.012516,0.097111,0.024314,0.800000,2
active_relational_abstraction,1680,1,636,1440,1301,217,211,906,414,243,68,44,498.941400,153.149286,419.826631,1467,0.378571,0.025359,0.903472,0.066291,0.972350,0.023728,0.168068,0.020873,0.286180,0.024123,0.539286,0.025209,0.246429,0.025579,0.144643,0.022888,0.647059,0.141759,0.296989,0.010288,0.091160,0.020619,0.800000,3
active_relational_abstraction,1680,1,663,1440,1282,213,209,931,358,296,78,47,496.983600,159.449844,423.733539,1440,0.394643,0.019518,0.890278,0.074266,0.981221,0.016051,0.196681,0.019657,0.294259,0.026524,0.554167,0.027106,0.213095,0.028462,0.176190,0.017505,0.602564,0.134841,0.295824,0.011670,0.094911,0.023153,0.800000,4
active_relational_abstraction,1680,1,638,1440,1277,219,215,906,385,299,69,34,495.558200,161.149575,411.547039,1443,0.379762,0.029191,0.886806,0.078256,0.981735,0.017717,0.173052,0.016624,0.285202,0.029803,0.539286,0.025375,0.229167,0.022769,0.177976,0.022103,0.492754,0.135715,0.294975,0.012258,0.095922,0.024036,0.800000,5
active_relational_abstraction,1680,1,622,1440,1273,220,212,874,394,286,73,38,494.355200,163.598205,399.186019,1432,0.370238,0.022150,0.884028,0.075081,0.963636,0.022689,0.184951,0.018866,0.278761,0.025597,0.520238,0.029592,0.234524,0.025351,0.170238,0.026494,0.520548,0.147841,0.294259,0.011896,0.097380,0.023283,0.800000,6
llm_tamp_failure_reasoning,1680,1,565,1440,1281,213,72,986,345,274,894,598,593.837600,151.954631,134.646436,474,0.336310,0.032163,0.889583,0.067000,0.338028,0.059657,0.213933,0.023154,0.284064,0.046109,0.586905,0.030707,0.205357,0.028019,0.163095,0.020261,0.668904,0.036835,0.353475,0.021804,0.090449,0.024040,0.800000,0
llm_tamp_failure_reasoning,1680,1,543,1440,1255,221,64,965,375,292,841,565,580.775800,169.763392,142.211199,481,0.323214,0.023931,0.871528,0.073674,0.289593,0.122529,0.217390,0.019695,0.295657,0.052112,0.574405,0.032472,0.223214,0.031875,0.173810,0.021171,0.671819,0.044198,0.345700,0.024092,0.101050,0.026240,0.800000,1
llm_tamp_failure_reasoning,1680,1,564,1440,1257,218,70,988,361,274,862,602,584.779000,165.923828,134.429939,473,0.335714,0.029888,0.872917,0.073603,0.321101,0.119619,0.223577,0.017114,0.284207,0.048599,0.588095,0.035157,0.214881,0.032059,0.163095,0.022239,0.698376,0.033411,0.348083,0.023043,0.098764,0.026749,0.800000,2
llm_tamp_failure_reasoning,1680,1,548,1440,1266,216,73,966,375,252,876,568,589.208200,161.786995,129.405969,475,0.326190,0.019446,0.879167,0.072766,0.337963,0.101359,0.222919,0.024981,0.272434,0.044560,0.575000,0.031192,0.223214,0.024521,0.150000,0.022633,0.648402,0.048406,0.350719,0.022889,0.096302,0.025853,0.800000,3
llm_tamp_failure_reasoning,1680,1,542,1440,1273,222,77,978,392,273,882,582,590.901600,155.762821,134.195187,476,0.322619,0.024850,0.884028,0.072298,0.346847,0.067985,0.227768,0.020883,0.281923,0.045128,0.582143,0.030453,0.233333,0.029701,0.162500,0.024420,0.659864,0.031193,0.351727,0.022375,0.092716,0.025764,0.800000,4
llm_tamp_failure_reasoning,1680,1,633,1440,1282,216,63,948,339,267,883,570,590.709600,156.050916,144.671696,472,0.376786,0.021199,0.890278,0.071826,0.291667,0.067479,0.208380,0.023243,0.306508,0.049458,0.564286,0.033579,0.201786,0.024013,0.158929,0.023915,0.645527,0.047629,0.351613,0.023390,0.092887,0.026016,0.800000,5
llm_tamp_failure_reasoning,1680,1,569,1440,1258,222,83,968,359,267,889,596,589.779200,160.516967,124.475188,461,0.338690,0.023694,0.873611,0.077202,0.373874,0.048847,0.221966,0.018323,0.270011,0.046915,0.576190,0.032371,0.213690,0.029347,0.158929,0.023381,0.670416,0.041568,0.351059,0.022266,0.095546,0.026722,0.800000,6
runtime_monitor_replanner,1680,1,356,1440,963,213,193,632,481,353,1181,512,407.840000,431.514453,0.000000,0,0.211905,0.018827,0.668750,0.059748,0.906103,0.029413,0.229377,0.021311,0.000000,0.000000,0.376190,0.029376,0.286310,0.033786,0.210119,0.022668,0.433531,0.033705,0.242762,0.017309,0.256854,0.024600,0.800000,0
runtime_monitor_replanner,1680,1,388,1440,1003,222,208,660,473,349,1229,526,411.791000,420.644637,0.000000,0,0.230952,0.025628,0.696528,0.059823,0.936937,0.026808,0.227126,0.017911,0.000000,0.000000,0.392857,0.034678,0.281548,0.031155,0.207738,0.022799,0.427990,0.037115,0.245114,0.017540,0.250384,0.024358,0.800000,1
runtime_monitor_replanner,1680,1,350,1440,968,229,211,674,458,328,1188,550,411.173000,427.108597,0.000000,0,0.208333,0.023851,0.672222,0.056402,0.921397,0.021206,0.232999,0.016900,0.000000,0.000000,0.401190,0.023694,0.272619,0.029301,0.195238,0.027101,0.462963,0.028486,0.244746,0.017336,0.254231,0.024541,0.800000,2
runtime_monitor_replanner,1680,1,341,1440,979,216,197,638,463,343,1200,514,414.400000,421.916603,0.000000,0,0.202976,0.018516,0.679861,0.060833,0.912037,0.044970,0.216376,0.022388,0.000000,0.000000,0.379762,0.030090,0.275595,0.031898,0.204167,0.026878,0.428333,0.033969,0.246667,0.017952,0.251141,0.024080,0.800000,3
runtime_monitor_replanner,1680,1,394,1440,965,221,200,648,444,336,1182,506,410.151000,427.140082,0.000000,0,0.234524,0.016173,0.670139,0.062377,0.904977,0.027670,0.212000,0.020297,0.000000,0.000000,0.385714,0.032562,0.264286,0.027033,0.200000,0.029531,0.428088,0.032028,0.244138,0.018334,0.254250,0.025340,0.800000,4
runtime_monitor_replanner,1680,1,375,1440,988,215,192,658,499,361,1201,531,411.810000,421.927058,0.000000,0,0.223214,0.021080,0.686111,0.060564,0.893023,0.046858,0.224129,0.021328,0.000000,0.000000,0.391667,0.024705,0.297024,0.033369,0.214881,0.024760,0.442132,0.023879,0.245125,0.017111,0.251147,0.023808,0.800000,5
runtime_monitor_replanner,1680,1,349,1440,982,216,196,684,465,336,1200,539,412.879000,422.241141,0.000000,0,0.207738,0.018677,0.681944,0.064517,0.907407,0.028221,0.215304,0.021428,0.000000,0.000000,0.407143,0.034848,0.276786,0.029070,0.200000,0.023686,0.449167,0.031537,0.245761,0.017753,0.251334,0.025263,0.800000,6
grounded_geometric_tamp,1680,1,447,1440,1248,219,55,963,382,254,898,622,599.527600,169.026834,97.512414,411,0.266071,0.021768,0.866667,0.076770,0.251142,0.044891,0.217389,0.022773,0.237256,0.037370,0.573214,0.035761,0.227381,0.028328,0.151190,0.024394,0.692650,0.034921,0.356862,0.024478,0.100611,0.028074,0.800000,0
grounded_geometric_tamp,1680,1,434,1440,1254,219,62,1036,352,298,900,660,602.688800,163.284050,110.696261,426,0.258333,0.024614,0.870833,0.080945,0.283105,0.074540,0.219750,0.021350,0.259850,0.041255,0.616667,0.036415,0.209524,0.034305,0.177381,0.021978,0.733333,0.041299,0.358743,0.024361,0.097193,0.029043,0.800000,1
grounded_geometric_tamp,1680,1,427,1440,1240,228,52,1009,360,274,886,629,595.336000,172.060989,82.930724,410,0.254167,0.018998,0.861111,0.077360,0.228070,0.053961,0.212317,0.021459,0.202270,0.031047,0.600595,0.035412,0.214286,0.028974,0.163095,0.024800,0.709932,0.034980,0.354367,0.025051,0.102417,0.028466,0.800000,2
grounded_geometric_tamp,1680,1,442,1440,1278,225,55,1025,361,282,896,657,604.995000,156.405054,106.917352,445,0.263095,0.019813,0.887500,0.070470,0.244444,0.047277,0.203284,0.019006,0.240264,0.036879,0.610119,0.035691,0.214881,0.027799,0.167857,0.020430,0.733259,0.043176,0.360116,0.023678,0.093098,0.026510,0.800000,3
grounded_geometric_tamp,1680,1,435,1440,1265,224,68,1024,354,263,915,648,606.120800,158.706674,107.201610,423,0.258929,0.023750,0.878472,0.067284,0.303571,0.076690,0.209286,0.017728,0.253432,0.041603,0.609524,0.033411,0.210714,0.029747,0.156548,0.026329,0.708197,0.037164,0.360786,0.022531,0.094468,0.024921,0.800000,4
grounded_geometric_tamp,1680,1,441,1440,1256,216,53,1001,361,263,908,637,602.610000,164.828089,105.247867,414,0.262500,0.022347,0.872222,0.071927,0.245370,0.047890,0.203926,0.023985,0.254222,0.042981,0.595833,0.035872,0.214881,0.027084,0.156548,0.023696,0.701542,0.035693,0.358696,0.023718,0.098112,0.026754,0.800000,5
grounded_geometric_tamp,1680,1,446,1440,1252,224,75,1034,346,271,918,642,605.772600,161.428858,106.954362,416,0.265476,0.024849,0.869444,0.077102,0.334821,0.133302,0.208936,0.022292,0.257102,0.041561,0.615476,0.037743,0.205952,0.023955,0.161310,0.021263,0.699346,0.040650,0.360579,0.023126,0.096089,0.027934,0.800000,6
proposed_abstraction_failure_audit,1680,1,846,1440,1440,218,218,934,366,260,502,272,564.682400,154.331198,464.749977,1178,0.503571,0.027835,1.000000,0.000000,1.000000,0.000000,0.169901,0.016211,0.394525,0.044604,0.555952,0.027136,0.217857,0.020864,0.154762,0.018886,0.541833,0.102153,0.336120,0.012699,0.091864,0.009862,0.800000,0
proposed_abstraction_failure_audit,1680,1,852,1440,1440,227,227,937,331,245,498,271,565.966800,152.367036,470.378231,1182,0.507143,0.027145,1.000000,0.000000,1.000000,0.000000,0.165480,0.022990,0.397951,0.052043,0.557738,0.024891,0.197024,0.020181,0.145833,0.021503,0.544177,0.105625,0.336885,0.012896,0.090695,0.009839,0.800000,1
proposed_abstraction_failure_audit,1680,1,884,1440,1440,226,226,963,344,246,512,279,567.627800,153.815102,473.198760,1168,0.526190,0.025017,1.000000,0.000000,1.000000,0.000000,0.174718,0.019200,0.405136,0.043461,0.573214,0.026435,0.204762,0.017111,0.146429,0.022239,0.544922,0.075870,0.337874,0.013134,0.091557,0.009826,0.800000,2
proposed_abstraction_failure_audit,1680,1,851,1440,1440,222,222,928,350,245,508,255,565.837600,153.332564,460.781290,1172,0.506548,0.024985,1.000000,0.000000,1.000000,0.000000,0.165207,0.015741,0.393158,0.045467,0.552381,0.027576,0.208333,0.017873,0.145833,0.017795,0.501969,0.088505,0.336808,0.012977,0.091269,0.010157,0.800000,3
proposed_abstraction_failure_audit,1680,1,823,1440,1440,225,225,917,326,246,488,228,563.228000,155.528815,467.143259,1192,0.489881,0.021000,1.000000,0.000000,1.000000,0.000000,0.163671,0.020764,0.391899,0.044489,0.545833,0.031309,0.194048,0.018012,0.146429,0.016613,0.467213,0.081267,0.335255,0.011918,0.092577,0.009623,0.800000,4
proposed_abstraction_failure_audit,1680,1,841,1440,1440,211,211,946,340,247,504,276,565.322800,155.757665,461.987133,1176,0.500595,0.027378,1.000000,0.000000,1.000000,0.000000,0.175503,0.020899,0.392846,0.046920,0.563095,0.030478,0.202381,0.017840,0.147024,0.015428,0.547619,0.068563,0.336502,0.012175,0.092713,0.010118,0.800000,5
proposed_abstraction_failure_audit,1680,1,840,1440,1440,221,221,925,343,244,489,252,563.523600,154.829233,479.770371,1191,0.500000,0.024829,1.000000,0.000000,1.000000,0.000000,0.163606,0.019624,0.402830,0.046850,0.550595,0.024958,0.204167,0.019145,0.145238,0.016528,0.515337,0.069539,0.335431,0.012100,0.092160,0.009792,0.800000,6
oracle_mechanics_preserving_planner,1680,1,1680,1440,1440,220,220,1026,267,180,1501,913,585.797400,0.000000,79.520000,179,1.000000,0.000000,1.000000,0.000000,1.000000,0.000000,0.095806,0.018604,0.444246,0.067700,0.610714,0.026029,0.158929,0.018647,0.107143,0.018576,0.608261,0.043827,0.348689,0.008938,0.000000,0.000000,0.800000,0
oracle_mechanics_preserving_planner,1680,1,1680,1440,1440,225,225,1042,255,197,1495,932,585.242600,0.000000,82.540000,185,1.000000,0.000000,1.000000,0.000000,1.000000,0.000000,0.085372,0.017050,0.446162,0.060560,0.620238,0.019528,0.151786,0.018981,0.117262,0.013296,0.623411,0.043357,0.348359,0.008951,0.000000,0.000000,0.800000,1
oracle_mechanics_preserving_planner,1680,1,1680,1440,1440,214,214,1022,252,206,1503,903,585.883400,0.000000,79.210000,177,1.000000,0.000000,1.000000,0.000000,1.000000,0.000000,0.086020,0.017005,0.447514,0.067700,0.608333,0.023062,0.150000,0.013475,0.122619,0.015683,0.600798,0.048409,0.348740,0.008757,0.000000,0.000000,0.800000,2
oracle_mechanics_preserving_planner,1680,1,1680,1440,1440,218,218,1036,244,202,1503,921,585.875400,0.000000,79.400000,177,1.000000,0.000000,1.000000,0.000000,1.000000,0.000000,0.083782,0.015476,0.448588,0.067700,0.616667,0.021839,0.145238,0.016947,0.120238,0.015441,0.612774,0.042988,0.348735,0.008721,0.000000,0.000000,0.800000,3
oracle_mechanics_preserving_planner,1680,1,1680,1440,1440,214,214,1005,241,191,1511,894,586.599400,0.000000,75.310000,169,1.000000,0.000000,1.000000,0.000000,1.000000,0.000000,0.090167,0.013903,0.445621,0.060560,0.598214,0.027177,0.143452,0.016637,0.113690,0.013635,0.591661,0.032197,0.349166,0.008690,0.000000,0.000000,0.800000,4
oracle_mechanics_preserving_planner,1680,1,1680,1440,1440,219,219,1000,246,215,1507,902,586.295400,0.000000,76.880000,173,1.000000,0.000000,1.000000,0.000000,1.000000,0.000000,0.080077,0.017635,0.444393,0.060560,0.595238,0.021260,0.146429,0.020604,0.127976,0.013717,0.598540,0.032909,0.348985,0.008797,0.000000,0.000000,0.800000,5
oracle_mechanics_preserving_planner,1680,1,1680,1440,1440,225,225,1028,259,170,1506,929,586.186800,0.000000,77.320000,174,1.000000,0.000000,1.000000,0.000000,1.000000,0.000000,0.086080,0.016152,0.444368,0.060560,0.611905,0.020914,0.154167,0.015810,0.101190,0.016752,0.616866,0.046296,0.348921,0.008752,0.000000,0.000000,0.800000,6
active_relational_abstraction,1680,1,567,1440,1272,219,213,915,416,289,106,73,499.018200,164.674129,370.714653,1397,0.337500,0.022818,0.883333,0.067042,0.972603,0.015471,0.193488,0.019067,0.265365,0.026216,0.544643,0.020306,0.247619,0.024361,0.172024,0.023516,0.688679,0.074831,0.297035,0.011006,0.098020,0.020229,1.000000,0
active_relational_abstraction,1680,1,603,1440,1280,219,210,934,357,273,97,62,499.363200,160.819644,392.768102,1414,0.358929,0.020576,0.888889,0.073027,0.958904,0.026257,0.196169,0.020318,0.277771,0.024513,0.555952,0.032623,0.212500,0.024534,0.162500,0.018701,0.639175,0.125852,0.297240,0.011425,0.095726,0.021909,1.000000,1
active_relational_abstraction,1680,1,610,1440,1290,220,215,907,360,293,112,70,503.467200,157.067683,392.576155,1412,0.363095,0.029297,0.895833,0.067025,0.977273,0.019323,0.199564,0.019639,0.278028,0.026010,0.539881,0.024510,0.214286,0.020947,0.174405,0.020981,0.625000,0.103824,0.299683,0.010941,0.093493,0.020214,1.000000,2
active_relational_abstraction,1680,1,594,1440,1266,215,210,903,397,277,103,59,498.538800,164.860043,392.815781,1398,0.353571,0.022982,0.879167,0.072397,0.976744,0.013730,0.174424,0.016972,0.280984,0.024356,0.537500,0.025321,0.236310,0.025876,0.164881,0.022420,0.572816,0.102538,0.296749,0.011246,0.098131,0.021332,1.000000,3
active_relational_abstraction,1680,1,574,1440,1287,214,207,928,394,289,107,65,502.341200,158.924076,374.628208,1412,0.341667,0.025233,0.893750,0.066316,0.967290,0.023339,0.200510,0.021071,0.265317,0.025137,0.552381,0.023458,0.234524,0.020998,0.172024,0.022103,0.607477,0.102660,0.299013,0.010170,0.094598,0.019765,1.000000,4
active_relational_abstraction,1680,1,583,1440,1294,218,212,892,405,259,103,73,502.556400,155.072282,390.794567,1424,0.347024,0.026092,0.898611,0.064093,0.972477,0.031179,0.195419,0.020151,0.274434,0.025344,0.530952,0.029061,0.241071,0.023750,0.154167,0.019536,0.708738,0.123651,0.299141,0.010357,0.092305,0.019635,1.000000,5
active_relational_abstraction,1680,1,617,1440,1279,205,197,901,377,313,120,81,501.338600,160.884134,381.867041,1389,0.367262,0.021312,0.888194,0.070739,0.960976,0.031837,0.206834,0.019106,0.274922,0.020685,0.536310,0.026274,0.224405,0.021768,0.186310,0.025768,0.675000,0.120517,0.298416,0.011578,0.095764,0.021089,1.000000,6
llm_tamp_failure_reasoning,1680,1,510,1440,1273,221,69,960,354,310,906,604,592.139000,159.791740,113.120767,445,0.303571,0.024390,0.884028,0.066181,0.312217,0.051292,0.209387,0.021359,0.254204,0.041987,0.571429,0.031286,0.210714,0.024703,0.184524,0.025670,0.666667,0.042682,0.352464,0.021469,0.095114,0.021848,1.000000,0
llm_tamp_failure_reasoning,1680,1,538,1440,1273,206,85,947,346,232,874,564,594.741400,158.795685,142.952699,505,0.320238,0.029430,0.884028,0.064953,0.412621,0.058209,0.210165,0.019669,0.283075,0.049517,0.563690,0.026092,0.205952,0.025759,0.138095,0.015889,0.645309,0.041529,0.354013,0.019642,0.094521,0.021596,1.000000,1
llm_tamp_failure_reasoning,1680,1,532,1440,1291,218,84,980,342,254,930,619,600.967000,150.128295,122.074219,458,0.316667,0.015324,0.896528,0.060770,0.385321,0.049051,0.209678,0.023273,0.266538,0.047316,0.583333,0.030912,0.203571,0.025059,0.151190,0.018288,0.665591,0.039586,0.357718,0.020270,0.089362,0.022272,1.000000,2
llm_tamp_failure_reasoning,1680,1,519,1440,1258,225,77,931,373,277,887,562,588.443800,167.493385,120.560501,453,0.308929,0.028185,0.873611,0.071344,0.342222,0.080001,0.199070,0.020025,0.266138,0.048287,0.554167,0.031594,0.222024,0.031627,0.164881,0.020391,0.633596,0.034609,0.350264,0.023014,0.099698,0.024930,1.000000,3
llm_tamp_failure_reasoning,1680,1,540,1440,1268,219,75,976,333,270,879,576,589.102800,165.707638,127.071087,470,0.321429,0.026110,0.880556,0.062002,0.342466,0.045336,0.204140,0.016552,0.270364,0.047916,0.580952,0.027799,0.198214,0.022232,0.160714,0.019055,0.655290,0.033043,0.350656,0.021667,0.098635,0.022025,1.000000,4
llm_tamp_failure_reasoning,1680,1,519,1440,1278,220,79,984,362,233,899,585,594.466400,152.817835,116.389475,470,0.308929,0.022239,0.887500,0.062269,0.359091,0.055761,0.206563,0.022813,0.247637,0.043210,0.585714,0.029653,0.215476,0.025051,0.138690,0.019518,0.650723,0.040629,0.353849,0.020982,0.090963,0.022045,1.000000,5
llm_tamp_failure_reasoning,1680,1,531,1440,1290,213,79,926,316,247,905,577,597.910000,150.826291,127.308610,477,0.316071,0.021207,0.895833,0.063137,0.370892,0.094000,0.215375,0.020612,0.266894,0.045218,0.551190,0.034605,0.188095,0.021600,0.147024,0.021237,0.637569,0.041944,0.355899,0.021586,0.089778,0.023268,1.000000,6
runtime_monitor_replanner,1680,1,351,1440,993,212,198,678,444,336,1216,544,414.703000,418.215598,0.000000,0,0.208929,0.021729,0.689583,0.055698,0.933962,0.046242,0.219688,0.024895,0.000000,0.000000,0.403571,0.030136,0.264286,0.031263,0.200000,0.025727,0.447368,0.037938,0.246847,0.016582,0.248938,0.022650,1.000000,0
runtime_monitor_replanner,1680,1,347,1440,973,212,182,637,506,379,1175,514,413.071000,424.209229,0.000000,0,0.206548,0.018442,0.675694,0.061653,0.858491,0.063427,0.245483,0.021139,0.000000,0.000000,0.379167,0.032322,0.301190,0.032604,0.225595,0.029544,0.437447,0.037445,0.245876,0.016557,0.252505,0.023575,1.000000,1
runtime_monitor_replanner,1680,1,333,1440,1002,222,193,621,452,332,1213,515,414.868000,415.860910,0.000000,0,0.198214,0.019549,0.695833,0.060267,0.869369,0.045023,0.237959,0.020738,0.000000,0.000000,0.369643,0.027422,0.269048,0.030748,0.197619,0.029205,0.424567,0.032788,0.246945,0.017170,0.247536,0.023625,1.000000,2
runtime_monitor_replanner,1680,1,357,1440,1036,216,184,631,460,312,1241,517,422.454000,403.739966,0.000000,0,0.212500,0.020962,0.719444,0.048383,0.851852,0.039175,0.223871,0.020797,0.000000,0.000000,0.375595,0.031025,0.273810,0.029576,0.185714,0.023931,0.416600,0.031752,0.251461,0.015262,0.240321,0.019538,1.000000,3
runtime_monitor_replanner,1680,1,366,1440,965,218,190,642,462,354,1176,508,416.058000,419.591929,0.000000,0,0.217857,0.026167,0.670139,0.058770,0.871560,0.035418,0.232922,0.017387,0.000000,0.000000,0.382143,0.027808,0.275000,0.030676,0.210714,0.027239,0.431973,0.032625,0.247654,0.016083,0.249757,0.022628,1.000000,4
runtime_monitor_replanner,1680,1,332,1440,1037,213,184,672,449,317,1244,560,424.486000,401.978719,0.000000,0,0.197619,0.020459,0.720139,0.054738,0.863850,0.043756,0.231034,0.018688,0.000000,0.000000,0.400000,0.027189,0.267262,0.025852,0.188690,0.024255,0.450161,0.031900,0.252670,0.015961,0.239273,0.020571,1.000000,5
runtime_monitor_replanner,1680,1,326,1440,963,216,194,655,503,325,1179,510,410.485000,426.092602,0.000000,0,0.194048,0.022004,0.668750,0.067348,0.898148,0.055148,0.233074,0.021690,0.000000,0.000000,0.389881,0.037863,0.299405,0.028707,0.193452,0.025802,0.432570,0.040860,0.244336,0.016405,0.253627,0.024387,1.000000,6
grounded_geometric_tamp,1680,1,416,1440,1272,220,77,988,390,269,927,646,610.965000,156.391473,97.093758,430,0.247619,0.020826,0.883333,0.063639,0.350000,0.071908,0.205199,0.018485,0.225799,0.037963,0.588095,0.032507,0.232143,0.024151,0.160119,0.016210,0.696872,0.047223,0.363670,0.020969,0.093090,0.022036,1.000000,0
grounded_geometric_tamp,1680,1,394,1440,1264,216,61,973,361,292,923,623,606.883800,159.035970,89.285842,414,0.234524,0.019618,0.877778,0.066788,0.282407,0.057769,0.197547,0.017101,0.215666,0.034881,0.579167,0.032624,0.214881,0.027084,0.173810,0.022078,0.674973,0.044460,0.361240,0.022280,0.094664,0.023191,1.000000,1
grounded_geometric_tamp,1680,1,420,1440,1277,218,75,1010,347,238,949,681,615.024800,151.350134,106.611414,418,0.250000,0.022145,0.886806,0.067613,0.344037,0.025389,0.206331,0.023131,0.255051,0.041743,0.601190,0.037624,0.206548,0.024907,0.141667,0.016973,0.717597,0.033541,0.366086,0.021044,0.090089,0.023191,1.000000,2
grounded_geometric_tamp,1680,1,417,1440,1268,209,63,1019,356,266,934,674,609.834000,157.371362,97.748355,413,0.248214,0.018518,0.880556,0.068101,0.301435,0.055784,0.216235,0.023864,0.236679,0.038235,0.606548,0.036895,0.211905,0.025743,0.158333,0.026847,0.721627,0.035436,0.362996,0.021793,0.093673,0.023516,1.000000,3
grounded_geometric_tamp,1680,1,432,1440,1274,216,80,987,362,264,944,650,614.350400,154.183551,104.026919,424,0.257143,0.021038,0.884722,0.062916,0.370370,0.045476,0.211813,0.015623,0.245347,0.039711,0.587500,0.032538,0.215476,0.024140,0.157143,0.023156,0.688559,0.040767,0.365685,0.019850,0.091776,0.021646,1.000000,4
grounded_geometric_tamp,1680,1,385,1440,1264,222,75,990,361,267,909,624,608.121600,160.094958,97.173677,439,0.229167,0.022018,0.877778,0.073535,0.337838,0.066460,0.204167,0.021317,0.221352,0.035271,0.589286,0.037936,0.214881,0.024475,0.158929,0.020440,0.686469,0.046246,0.361977,0.022371,0.095295,0.024948,1.000000,5
grounded_geometric_tamp,1680,1,403,1440,1280,218,65,980,339,288,939,626,612.088600,154.278698,91.818102,418,0.239881,0.021462,0.888889,0.063117,0.298165,0.041352,0.205395,0.021560,0.219661,0.035186,0.583333,0.031585,0.201786,0.028545,0.171429,0.019384,0.666667,0.041207,0.364338,0.021953,0.091833,0.022245,1.000000,6
proposed_abstraction_failure_audit,1680,1,762,1440,1440,221,221,937,338,269,509,270,565.808000,161.525721,419.092458,1171,0.453571,0.021509,1.000000,0.000000,1.000000,0.000000,0.175637,0.016834,0.357893,0.042987,0.557738,0.019600,0.201190,0.026092,0.160119,0.019143,0.530452,0.075389,0.336790,0.011958,0.096146,0.008854,1.000000,0
proposed_abstraction_failure_audit,1680,1,763,1440,1440,217,217,936,345,256,539,292,569.448600,158.173726,405.410645,1141,0.454167,0.024931,1.000000,0.000000,1.000000,0.000000,0.182695,0.019161,0.355312,0.039226,0.557143,0.028327,0.205357,0.024035,0.152381,0.019070,0.541744,0.058123,0.338958,0.012261,0.094151,0.008694,1.000000,1
proposed_abstraction_failure_audit,1680,1,777,1440,1440,205,205,919,348,242,517,269,568.271000,156.966525,418.365424,1163,0.462500,0.029607,1.000000,0.000000,1.000000,0.000000,0.166548,0.018656,0.359730,0.040723,0.547024,0.024792,0.207143,0.023906,0.144048,0.020596,0.520309,0.086401,0.338257,0.012448,0.093432,0.009490,1.000000,2
proposed_abstraction_failure_audit,1680,1,808,1440,1440,216,216,919,323,269,508,263,566.105200,158.407776,442.205294,1172,0.480952,0.021592,1.000000,0.000000,1.000000,0.000000,0.184844,0.020939,0.377308,0.050131,0.547024,0.035839,0.192262,0.021114,0.160119,0.017459,0.517717,0.068977,0.336967,0.011883,0.094290,0.009155,1.000000,3
proposed_abstraction_failure_audit,1680,1,754,1440,1440,217,217,939,341,242,500,248,566.857400,157.392535,414.312128,1180,0.448810,0.020457,1.000000,0.000000,1.000000,0.000000,0.198355,0.019468,0.351112,0.039422,0.558929,0.026175,0.202976,0.022167,0.144048,0.016002,0.496000,0.084579,0.337415,0.011096,0.093686,0.009338,1.000000,4
proposed_abstraction_failure_audit,1680,1,789,1440,1440,218,218,907,320,259,527,255,567.499200,157.134798,424.403914,1153,0.469643,0.023753,1.000000,0.000000,1.000000,0.000000,0.174982,0.019610,0.368087,0.038009,0.539881,0.029539,0.190476,0.020306,0.154167,0.015987,0.483871,0.088678,0.337797,0.012476,0.093533,0.009347,1.000000,5
proposed_abstraction_failure_audit,1680,1,792,1440,1440,217,217,916,359,280,501,264,566.956200,158.439353,443.423630,1179,0.471429,0.028462,1.000000,0.000000,1.000000,0.000000,0.156279,0.016138,0.376101,0.040538,0.545238,0.022552,0.213690,0.018816,0.166667,0.025277,0.526946,0.071184,0.337474,0.011655,0.094309,0.008800,1.000000,6
oracle_mechanics_preserving_planner,1680,1,1680,1440,1440,224,224,1021,244,189,1519,922,587.331400,0.000000,71.220000,161,1.000000,0.000000,1.000000,0.000000,1.000000,0.000000,0.095649,0.014377,0.442360,0.060560,0.607738,0.025025,0.145238,0.018067,0.112500,0.011129,0.606978,0.036305,0.349602,0.008657,0.000000,0.000000,1.000000,0
oracle_mechanics_preserving_planner,1680,1,1680,1440,1440,210,210,1023,216,189,1522,917,587.522000,0.000000,70.470000,158,1.000000,0.000000,1.000000,0.000000,1.000000,0.000000,0.090713,0.014726,0.446013,0.060560,0.608929,0.025612,0.128571,0.014544,0.112500,0.015721,0.602497,0.042656,0.349715,0.008522,0.000000,0.000000,1.000000,1
oracle_mechanics_preserving_planner,1680,1,1680,1440,1440,213,213,1000,238,218,1527,919,588.013000,0.000000,67.510000,153,1.000000,0.000000,1.000000,0.000000,1.000000,0.000000,0.100697,0.018408,0.441242,0.060560,0.595238,0.026851,0.141667,0.015047,0.129762,0.015441,0.601834,0.034988,0.350008,0.008539,0.000000,0.000000,1.000000,2
oracle_mechanics_preserving_planner,1680,1,1680,1440,1440,217,217,1047,261,187,1522,948,587.462000,0.000000,70.280000,158,1.000000,0.000000,1.000000,0.000000,1.000000,0.000000,0.100163,0.018450,0.444810,0.060560,0.623214,0.025791,0.155357,0.017900,0.111310,0.012743,0.622865,0.027974,0.349680,0.008393,0.000000,0.000000,1.000000,3
oracle_mechanics_preserving_planner,1680,1,1680,1440,1440,216,216,998,254,190,1527,916,588.013800,0.000000,67.700000,153,1.000000,0.000000,1.000000,0.000000,1.000000,0.000000,0.108729,0.021052,0.442484,0.060560,0.594048,0.025075,0.151190,0.017900,0.113095,0.015818,0.599869,0.034010,0.350008,0.008504,0.000000,0.000000,1.000000,4
oracle_mechanics_preserving_planner,1680,1,1680,1440,1440,225,225,980,254,175,1518,885,587.220400,0.000000,71.660000,162,1.000000,0.000000,1.000000,0.000000,1.000000,0.000000,0.081596,0.011443,0.442346,0.060560,0.583333,0.020296,0.151190,0.015374,0.104167,0.017637,0.583004,0.032230,0.349536,0.008560,0.000000,0.000000,1.000000,5
oracle_mechanics_preserving_planner,1680,1,1680,1440,1440,214,214,1037,230,192,1525,944,587.779000,0.000000,69.340000,155,1.000000,0.000000,1.000000,0.000000,1.000000,0.000000,0.103701,0.016234,0.447355,0.067700,0.617262,0.025557,0.136905,0.017095,0.114286,0.015007,0.619016,0.044828,0.349868,0.008351,0.000000,0.000000,1.000000,6
